road_id,road_name,latitude,longitude,timestamp,vehicle_count,average_speed,road_capacity,occupancy,weather_condition,temperature,rainfall,event_indicator
RD001,MG Road,12.9756,77.6068,2026-09-01T08:00:00,320,18.5,2000,45,Clear,26.5,0,
RD001,MG Road,12.9756,77.6068,2026-09-01T08:15:00,410,14.2,2000,58,Clear,26.8,0,
RD001,MG Road,12.9756,77.6068,2026-09-01T08:30:00,505,9.8,2000,72,Clear,27.0,0,
RD002,Hosur Road,12.9200,77.6300,2026-09-01T08:00:00,610,22.1,2500,50,Cloudy,25.0,0.2,
RD002,Hosur Road,12.9200,77.6300,2026-09-01T08:15:00,690,17.4,2500,61,Cloudy,25.1,0.5,
RD002,Hosur Road,12.9200,77.6300,2026-09-01T08:30:00,780,11.0,2500,79,Rain,24.8,3.2,
RD003,Outer Ring Road,12.9350,77.6950,2026-09-01T08:00:00,250,55.0,3000,20,Clear,26.0,0,
RD001,MG Road,12.9756,77.6068,2026-09-01T08:00:00,320,18.5,2000,45,Clear,26.5,0,
RD004,Bad Speed Road,12.9500,77.6100,2026-09-01T08:00:00,200,999,2000,30,Clear,26.0,0,
RD005,Bad Coord Road,200.0,77.6100,2026-09-01T08:00:00,200,20.0,2000,30,Clear,26.0,0,
