road_id,road_name,latitude,longitude,timestamp,vehicle_count,average_speed,road_capacity,occupancy,weather_condition,temperature,rainfall,day_of_week,hour,event_indicator,source,vehicle_count_is_outlier,average_speed_is_outlier,speed_ratio,congestion_level,minute,month,is_weekend,is_rush_hour,previous_vehicle_count,previous_speed,previous_congestion_level,rolling_average_speed,rolling_average_vehicle_count
RD001,MG Road,12.9756,77.6068,2026-09-01 00:15:00,300,44.2,2000,20.0,Clear,25.2,0.0,1,0,,csv_upload,False,False,0.9620198062901295,LOW,15,9,0,0,309.0,43.1,LOW,43.1,309.0
RD002,Hosur Road,12.92,77.63,2026-09-01 00:15:00,379,54.1,2500,20.0,Clear,25.2,0.0,1,0,,csv_upload,False,False,0.9687527979228221,LOW,15,9,0,0,380.0,55.7,LOW,55.7,380.0
RD003,Outer Ring Road,12.935,77.695,2026-09-01 00:15:00,460,63.9,3000,20.3,Clear,25.2,0.0,1,0,,csv_upload,False,False,0.976392390556956,LOW,15,9,0,0,518.0,61.8,LOW,61.8,518.0
RD001,MG Road,12.9756,77.6068,2026-09-01 00:30:00,346,42.5,2000,22.2,Clear,25.4,0.0,1,0,,csv_upload,False,False,0.9250190445097399,LOW,30,9,0,0,300.0,44.2,LOW,43.650000000000006,304.5
RD002,Hosur Road,12.92,77.63,2026-09-01 00:30:00,394,53.7,2500,21.4,Clear,25.4,0.0,1,0,,csv_upload,False,False,0.9615901154982541,LOW,30,9,0,0,379.0,54.1,LOW,54.900000000000006,379.5
RD003,Outer Ring Road,12.935,77.695,2026-09-01 00:30:00,520,62.3,3000,23.2,Clear,25.4,0.0,1,0,,csv_upload,False,False,0.9519443807777521,LOW,30,9,0,0,460.0,63.9,LOW,62.849999999999994,489.0
RD001,MG Road,12.9756,77.6068,2026-09-01 00:45:00,303,46.0,2000,20.0,Clear,25.6,0.0,1,0,,csv_upload,False,False,1.0011970834693655,LOW,45,9,0,0,346.0,42.5,LOW,43.26666666666667,318.3333333333333
RD002,Hosur Road,12.92,77.63,2026-09-01 00:45:00,422,54.4,2500,22.1,Clear,25.6,0.0,1,0,,csv_upload,False,False,0.974124809741248,LOW,45,9,0,0,394.0,53.7,LOW,54.5,384.3333333333333
RD003,Outer Ring Road,12.935,77.695,2026-09-01 00:45:00,536,62.3,3000,23.3,Clear,25.6,0.0,1,0,,csv_upload,False,False,0.9519443807777521,LOW,45,9,0,0,520.0,62.3,LOW,62.666666666666664,499.3333333333333
RD002,Hosur Road,12.92,77.63,2026-09-01 01:00:00,372,55.3,2500,20.5,Clear,25.8,0.0,1,1,,csv_upload,False,False,0.9902408451965261,LOW,0,9,0,0,422.0,54.4,LOW,54.06666666666666,398.3333333333333
RD003,Outer Ring Road,12.935,77.695,2026-09-01 01:00:00,437,64.4,3000,20.0,Clear,25.8,0.0,1,1,,csv_upload,False,False,0.9840323936129575,LOW,0,9,0,0,536.0,62.3,LOW,62.833333333333336,505.3333333333333
RD001,MG Road,12.9756,77.6068,2026-09-01 01:00:00,350,44.2,2000,22.3,Clear,25.8,0.0,1,1,,csv_upload,False,False,0.9620198062901295,LOW,0,9,0,0,303.0,46.0,LOW,44.23333333333334,316.3333333333333
RD003,Outer Ring Road,12.935,77.695,2026-09-01 01:15:00,463,64.3,3000,20.0,Clear,26.0,0.0,1,1,,csv_upload,False,False,0.9825043930017571,LOW,15,9,0,0,437.0,64.4,LOW,63.0,497.6666666666667
RD001,MG Road,12.9756,77.6068,2026-09-01 01:15:00,293,43.8,2000,20.0,Clear,26.0,0.0,1,1,,csv_upload,False,False,0.9533137446947436,LOW,15,9,0,0,350.0,44.2,LOW,44.23333333333333,333.0
RD002,Hosur Road,12.92,77.63,2026-09-01 01:15:00,391,54.0,2500,20.9,Clear,26.0,0.0,1,1,,csv_upload,False,False,0.9669621273166801,LOW,15,9,0,0,372.0,55.3,LOW,54.46666666666667,396.0
RD003,Outer Ring Road,12.935,77.695,2026-09-01 01:30:00,539,63.0,3000,23.4,Clear,26.1,0.0,1,1,,csv_upload,False,False,0.9626403850561539,LOW,30,9,0,0,463.0,64.3,LOW,63.666666666666664,478.6666666666667
RD001,MG Road,12.9756,77.6068,2026-09-01 01:30:00,307,44.8,2000,21.0,Clear,26.1,0.0,1,1,,csv_upload,False,False,0.9750788986832081,LOW,30,9,0,0,293.0,43.8,LOW,44.666666666666664,315.3333333333333
RD002,Hosur Road,12.92,77.63,2026-09-01 01:30:00,405,53.0,2500,21.6,Clear,26.1,0.0,1,1,,csv_upload,False,False,0.9490554212552601,LOW,30,9,0,0,391.0,54.0,LOW,54.56666666666666,395.0
RD003,Outer Ring Road,12.935,77.695,2026-09-01 01:45:00,463,64.1,3000,20.0,Clear,26.3,0.0,1,1,,csv_upload,False,False,0.9794483917793565,LOW,45,9,0,0,539.0,63.0,LOW,63.9,479.6666666666667
RD002,Hosur Road,12.92,77.63,2026-09-01 01:45:00,369,53.6,2500,20.0,Clear,26.3,0.0,1,1,,csv_upload,False,False,0.9597994448921121,LOW,45,9,0,0,405.0,53.0,LOW,54.1,389.3333333333333
RD001,MG Road,12.9756,77.6068,2026-09-01 01:45:00,330,45.4,2000,21.3,Clear,26.3,0.0,1,1,,csv_upload,False,False,0.9881379910762869,LOW,45,9,0,0,307.0,44.8,LOW,44.26666666666666,316.6666666666667
RD002,Hosur Road,12.92,77.63,2026-09-01 02:00:00,373,56.2,2500,20.0,Clear,26.5,0.0,1,2,,csv_upload,False,False,1.0063568806518042,LOW,0,9,0,0,369.0,53.6,LOW,53.53333333333333,388.3333333333333
RD003,Outer Ring Road,12.935,77.695,2026-09-01 02:00:00,451,64.2,3000,20.0,Clear,26.5,0.0,1,2,,csv_upload,False,False,0.9809763923905569,LOW,0,9,0,0,463.0,64.1,LOW,63.79999999999999,488.3333333333333
RD001,MG Road,12.9756,77.6068,2026-09-01 02:00:00,349,43.2,2000,22.6,Clear,26.5,0.0,1,2,,csv_upload,False,False,0.940254652301665,LOW,0,9,0,0,330.0,45.4,LOW,44.666666666666664,310.0
RD002,Hosur Road,12.92,77.63,2026-09-01 02:15:00,389,54.2,2500,20.0,Clear,26.7,0.0,1,2,,csv_upload,False,False,0.9705434685289641,LOW,15,9,0,0,373.0,56.2,LOW,54.26666666666667,382.3333333333333
RD003,Outer Ring Road,12.935,77.695,2026-09-01 02:15:00,438,63.7,3000,20.1,Clear,26.7,0.0,1,2,,csv_upload,False,False,0.9733363893345557,LOW,15,9,0,0,451.0,64.2,LOW,63.76666666666667,484.3333333333333
RD001,MG Road,12.9756,77.6068,2026-09-01 02:15:00,311,45.3,2000,20.0,Clear,26.7,0.0,1,2,,csv_upload,False,False,0.9859614756774403,LOW,15,9,0,0,349.0,43.2,LOW,44.46666666666666,328.6666666666667
RD003,Outer Ring Road,12.935,77.695,2026-09-01 02:30:00,553,62.7,3000,23.5,Clear,26.8,0.0,1,2,,csv_upload,False,False,0.9580563832225533,LOW,30,9,0,0,438.0,63.7,LOW,64.0,450.6666666666667
RD001,MG Road,12.9756,77.6068,2026-09-01 02:30:00,308,45.4,2000,20.0,Clear,26.8,0.0,1,2,,csv_upload,False,False,0.9881379910762869,LOW,30,9,0,0,311.0,45.3,LOW,44.63333333333333,330.0
RD002,Hosur Road,12.92,77.63,2026-09-01 02:30:00,371,53.7,2500,20.0,Clear,26.8,0.0,1,2,,csv_upload,False,False,0.9615901154982541,LOW,30,9,0,0,389.0,54.2,LOW,54.666666666666664,377.0
RD001,MG Road,12.9756,77.6068,2026-09-01 02:45:00,349,42.3,2000,22.5,Clear,27.0,0.0,1,2,,csv_upload,False,False,0.9206660137120469,LOW,45,9,0,0,308.0,45.4,LOW,44.63333333333333,322.6666666666667
RD002,Hosur Road,12.92,77.63,2026-09-01 02:45:00,395,54.4,2500,21.3,Clear,27.0,0.0,1,2,,csv_upload,False,False,0.974124809741248,LOW,45,9,0,0,371.0,53.7,LOW,54.70000000000001,377.6666666666667
RD003,Outer Ring Road,12.935,77.695,2026-09-01 02:45:00,473,63.1,3000,21.0,Clear,27.0,0.0,1,2,,csv_upload,False,False,0.9641683856673542,LOW,45,9,0,0,553.0,62.7,LOW,63.53333333333334,480.6666666666667
RD001,MG Road,12.9756,77.6068,2026-09-01 03:00:00,311,46.4,2000,20.0,Clear,27.1,0.0,1,3,,csv_upload,False,False,1.0099031450647513,LOW,0,9,0,0,349.0,42.3,LOW,44.333333333333336,322.6666666666667
RD002,Hosur Road,12.92,77.63,2026-09-01 03:00:00,365,55.0,2500,20.0,Clear,27.1,0.0,1,3,,csv_upload,False,False,0.9848688333781002,LOW,0,9,0,0,395.0,54.4,LOW,54.1,385.0
RD003,Outer Ring Road,12.935,77.695,2026-09-01 03:00:00,518,64.1,3000,22.9,Clear,27.1,0.0,1,3,,csv_upload,False,False,0.9794483917793565,LOW,0,9,0,0,473.0,63.1,LOW,63.166666666666664,488.0
RD002,Hosur Road,12.92,77.63,2026-09-01 03:15:00,422,54.0,2500,21.8,Clear,27.3,0.0,1,3,,csv_upload,False,False,0.9669621273166801,LOW,15,9,0,0,365.0,55.0,LOW,54.366666666666674,377.0
RD003,Outer Ring Road,12.935,77.695,2026-09-01 03:15:00,450,63.3,3000,20.2,Clear,27.3,0.0,1,3,,csv_upload,False,False,0.9672243868897547,LOW,15,9,0,0,518.0,64.1,LOW,63.29999999999999,514.6666666666666
RD001,MG Road,12.9756,77.6068,2026-09-01 03:15:00,306,44.9,2000,21.0,Clear,27.3,0.0,1,3,,csv_upload,False,False,0.9772554140820546,LOW,15,9,0,0,311.0,46.4,LOW,44.699999999999996,322.6666666666667
RD003,Outer Ring Road,12.935,77.695,2026-09-01 03:30:00,506,64.5,3000,22.7,Clear,27.4,0.0,1,3,,csv_upload,False,False,0.9855603942241575,LOW,30,9,0,0,450.0,63.3,LOW,63.5,480.3333333333333
RD001,MG Road,12.9756,77.6068,2026-09-01 03:30:00,311,46.3,2000,20.0,Clear,27.4,0.0,1,3,,csv_upload,False,False,1.0077266296659049,LOW,30,9,0,0,306.0,44.9,LOW,44.53333333333333,322.0
RD002,Hosur Road,12.92,77.63,2026-09-01 03:30:00,411,53.0,2500,22.3,Clear,27.4,0.0,1,3,,csv_upload,False,False,0.9490554212552601,LOW,30,9,0,0,422.0,54.0,LOW,54.46666666666666,394.0
RD003,Outer Ring Road,12.935,77.695,2026-09-01 03:45:00,471,64.0,3000,20.4,Clear,27.5,0.0,1,3,,csv_upload,False,False,0.9779203911681563,LOW,45,9,0,0,506.0,64.5,LOW,63.96666666666666,491.3333333333333
RD001,MG Road,12.9756,77.6068,2026-09-01 03:45:00,307,43.7,2000,20.0,Clear,27.5,0.0,1,3,,csv_upload,False,False,0.9511372292958973,LOW,45,9,0,0,311.0,46.3,LOW,45.86666666666667,309.3333333333333
RD002,Hosur Road,12.92,77.63,2026-09-01 03:45:00,414,52.8,2500,21.9,Clear,27.5,0.0,1,3,,csv_upload,False,False,0.9454740800429761,LOW,45,9,0,0,411.0,53.0,LOW,54.0,399.3333333333333
RD001,MG Road,12.9756,77.6068,2026-09-01 04:00:00,301,44.1,2000,20.0,Clear,27.6,0.0,1,4,,csv_upload,False,False,0.9598432908912831,LOW,0,9,0,0,307.0,43.7,LOW,44.96666666666667,308.0
RD002,Hosur Road,12.92,77.63,2026-09-01 04:00:00,405,53.1,2500,21.7,Clear,27.6,0.0,1,4,,csv_upload,False,False,0.9508460918614021,LOW,0,9,0,0,414.0,52.8,LOW,53.26666666666667,415.6666666666667
RD003,Outer Ring Road,12.935,77.695,2026-09-01 04:00:00,539,63.0,3000,23.5,Clear,27.6,0.0,1,4,,csv_upload,False,False,0.9626403850561539,LOW,0,9,0,0,471.0,64.0,LOW,63.93333333333334,475.6666666666667
RD002,Hosur Road,12.92,77.63,2026-09-01 04:15:00,366,55.3,2500,20.0,Clear,27.7,0.0,1,4,,csv_upload,False,False,0.9902408451965261,LOW,15,9,0,0,405.0,53.1,LOW,52.96666666666667,410.0
RD003,Outer Ring Road,12.935,77.695,2026-09-01 04:15:00,453,63.7,3000,20.0,Clear,27.7,0.0,1,4,,csv_upload,False,False,0.9733363893345557,LOW,15,9,0,0,539.0,63.0,LOW,63.833333333333336,505.3333333333333
RD001,MG Road,12.9756,77.6068,2026-09-01 04:15:00,296,43.7,2000,20.3,Clear,27.7,0.0,1,4,,csv_upload,False,False,0.9511372292958973,LOW,15,9,0,0,301.0,44.1,LOW,44.699999999999996,306.3333333333333
RD002,Hosur Road,12.92,77.63,2026-09-01 04:30:00,380,54.2,2500,20.0,Clear,27.8,0.0,1,4,,csv_upload,False,False,0.9705434685289641,LOW,30,9,0,0,366.0,55.3,LOW,53.73333333333333,395.0
RD003,Outer Ring Road,12.935,77.695,2026-09-01 04:30:00,463,63.9,3000,20.0,Clear,27.8,0.0,1,4,,csv_upload,False,False,0.976392390556956,LOW,30,9,0,0,453.0,63.7,LOW,63.56666666666666,487.6666666666667
RD001,MG Road,12.9756,77.6068,2026-09-01 04:30:00,310,46.2,2000,20.0,Clear,27.8,0.0,1,4,,csv_upload,False,False,1.0055501142670584,LOW,30,9,0,0,296.0,43.7,LOW,43.833333333333336,301.3333333333333
RD002,Hosur Road,12.92,77.63,2026-09-01 04:45:00,422,52.4,2500,22.8,Clear,27.8,0.0,1,4,,csv_upload,False,False,0.9383113976184081,LOW,45,9,0,0,380.0,54.2,LOW,54.199999999999996,383.6666666666667
RD001,MG Road,12.9756,77.6068,2026-09-01 04:45:00,328,44.4,2000,21.1,Clear,27.8,0.0,1,4,,csv_upload,False,False,0.9663728370878224,LOW,45,9,0,0,310.0,46.2,LOW,44.666666666666664,302.3333333333333
RD003,Outer Ring Road,12.935,77.695,2026-09-01 04:45:00,453,64.7,3000,20.2,Clear,27.8,0.0,1,4,,csv_upload,False,False,0.9886163954465581,LOW,45,9,0,0,463.0,63.9,LOW,63.53333333333333,485.0
RD001,MG Road,12.9756,77.6068,2026-09-01 05:00:00,362,44.2,2000,22.8,Clear,27.9,0.0,1,5,,csv_upload,False,False,0.9620198062901295,LOW,0,9,0,0,328.0,44.4,LOW,44.76666666666667,311.3333333333333
RD002,Hosur Road,12.92,77.63,2026-09-01 05:00:00,370,54.7,2500,20.0,Clear,27.9,0.0,1,5,,csv_upload,False,False,0.9794968215596742,LOW,0,9,0,0,422.0,52.4,LOW,53.96666666666667,389.3333333333333
RD003,Outer Ring Road,12.935,77.695,2026-09-01 05:00:00,536,61.7,3000,23.7,Clear,27.9,0.0,1,5,,csv_upload,False,False,0.9427763771105507,LOW,0,9,0,0,453.0,64.7,LOW,64.10000000000001,456.3333333333333
RD001,MG Road,12.9756,77.6068,2026-09-01 05:15:00,322,43.9,2000,21.7,Clear,27.9,0.0,1,5,,csv_upload,False,False,0.9554902600935902,LOW,15,9,0,0,362.0,44.2,LOW,44.93333333333334,333.3333333333333
RD002,Hosur Road,12.92,77.63,2026-09-01 05:15:00,380,56.1,2500,20.3,Clear,27.9,0.0,1,5,,csv_upload,False,False,1.004566210045662,LOW,15,9,0,0,370.0,54.7,LOW,53.76666666666667,390.6666666666667
RD003,Outer Ring Road,12.935,77.695,2026-09-01 05:15:00,554,61.9,3000,24.6,Clear,27.9,0.0,1,5,,csv_upload,False,False,0.9458323783329512,LOW,15,9,0,0,536.0,61.7,LOW,63.43333333333334,484.0
RD002,Hosur Road,12.92,77.63,2026-09-01 05:30:00,503,52.2,2500,26.5,Clear,28.0,0.0,1,5,,csv_upload,False,False,0.9347300564061242,LOW,30,9,0,0,380.0,56.1,LOW,54.400000000000006,390.6666666666667
RD003,Outer Ring Road,12.935,77.695,2026-09-01 05:30:00,534,61.8,3000,23.4,Clear,28.0,0.0,1,5,,csv_upload,False,False,0.9443043777217509,LOW,30,9,0,0,554.0,61.9,LOW,62.76666666666667,514.3333333333334
RD001,MG Road,12.9756,77.6068,2026-09-01 05:30:00,433,42.6,2000,27.0,Clear,28.0,0.0,1,5,,csv_upload,False,False,0.9271955599085864,LOW,30,9,0,0,322.0,43.9,LOW,44.166666666666664,337.3333333333333
RD003,Outer Ring Road,12.935,77.695,2026-09-01 05:45:00,595,62.8,3000,25.1,Clear,28.0,0.0,1,5,,csv_upload,False,False,0.9595843838337533,LOW,45,9,0,0,534.0,61.8,LOW,61.800000000000004,541.3333333333334
RD001,MG Road,12.9756,77.6068,2026-09-01 05:45:00,358,43.4,2000,22.5,Clear,28.0,0.0,1,5,,csv_upload,False,False,0.9446076830993579,LOW,45,9,0,0,433.0,42.6,LOW,43.56666666666666,372.3333333333333
RD002,Hosur Road,12.92,77.63,2026-09-01 05:45:00,459,53.5,2500,24.0,Clear,28.0,0.0,1,5,,csv_upload,False,False,0.9580087742859701,LOW,45,9,0,0,503.0,52.2,LOW,54.333333333333336,417.6666666666667
RD003,Outer Ring Road,12.935,77.695,2026-09-01 06:00:00,668,59.5,3000,29.0,Clear,28.0,0.0,1,6,,csv_upload,False,False,0.9091603636641453,LOW,0,9,0,0,595.0,62.8,LOW,62.166666666666664,561.0
RD001,MG Road,12.9756,77.6068,2026-09-01 06:00:00,445,41.3,2000,29.1,Clear,28.0,0.0,1,6,,csv_upload,False,False,0.8989008597235825,LOW,0,9,0,0,358.0,43.4,LOW,43.300000000000004,371.0
RD002,Hosur Road,12.92,77.63,2026-09-01 06:00:00,533,52.1,2500,27.3,Clear,28.0,0.0,1,6,,csv_upload,False,False,0.9329393857999821,LOW,0,9,0,0,459.0,53.5,LOW,53.93333333333334,447.3333333333333
RD003,Outer Ring Road,12.935,77.695,2026-09-01 06:15:00,731,57.8,3000,30.7,Clear,28.0,0.0,1,6,,csv_upload,False,False,0.8831843532737411,LOW,15,9,0,0,668.0,59.5,LOW,61.36666666666667,599.0
RD002,Hosur Road,12.92,77.63,2026-09-01 06:15:00,588,50.2,2500,30.6,Clear,28.0,0.0,1,6,,csv_upload,False,False,0.8989166442832841,LOW,15,9,0,0,533.0,52.1,LOW,52.6,498.3333333333333
RD001,MG Road,12.9756,77.6068,2026-09-01 06:15:00,542,38.5,2000,33.5,Clear,28.0,0.0,1,6,,csv_upload,False,False,0.837958428555882,LOW,15,9,0,0,445.0,41.3,LOW,42.43333333333333,412.0
RD002,Hosur Road,12.92,77.63,2026-09-01 06:30:00,735,45.5,2500,36.7,Clear,28.0,0.0,1,6,,csv_upload,False,False,0.8147551257946101,LOW,30,9,0,0,588.0,50.2,LOW,51.93333333333334,526.6666666666666
RD003,Outer Ring Road,12.935,77.695,2026-09-01 06:30:00,910,52.8,3000,37.9,Clear,28.0,0.0,1,6,,csv_upload,False,False,0.8067843227137289,LOW,30,9,0,0,731.0,57.8,LOW,60.03333333333333,664.6666666666666
RD001,MG Road,12.9756,77.6068,2026-09-01 06:30:00,596,35.9,2000,36.6,Clear,28.0,0.0,1,6,,csv_upload,False,False,0.7813690281858744,LOW,30,9,0,0,542.0,38.5,LOW,41.06666666666666,448.3333333333333
RD002,Hosur Road,12.92,77.63,2026-09-01 06:45:00,881,40.9,2500,43.4,Clear,27.9,0.0,1,6,,csv_upload,False,False,0.732384277912078,MEDIUM,45,9,0,0,735.0,45.5,LOW,49.26666666666667,618.6666666666666
RD003,Outer Ring Road,12.935,77.695,2026-09-01 06:45:00,1070,47.9,3000,43.8,Clear,27.9,0.0,1,6,,csv_upload,False,False,0.731912292764917,MEDIUM,45,9,0,0,910.0,52.8,LOW,56.699999999999996,769.6666666666666
RD001,MG Road,12.9756,77.6068,2026-09-01 06:45:00,791,30.5,2000,48.3,Clear,27.9,0.0,1,6,,csv_upload,False,False,0.6638371966481663,MEDIUM,45,9,0,0,596.0,35.9,LOW,38.56666666666666,527.6666666666666
RD003,Outer Ring Road,12.935,77.695,2026-09-01 07:00:00,1269,44.4,3000,51.4,Clear,27.9,0.0,1,7,,csv_upload,False,False,0.6784322713729084,MEDIUM,0,9,0,1,1070.0,47.9,MEDIUM,52.833333333333336,903.6666666666666
RD001,MG Road,12.9756,77.6068,2026-09-01 07:00:00,830,30.4,2000,50.1,Clear,27.9,0.0,1,7,,csv_upload,False,False,0.6616606812493198,MEDIUM,0,9,0,1,791.0,30.5,MEDIUM,34.96666666666667,643.0
RD002,Hosur Road,12.92,77.63,2026-09-01 07:00:00,1149,32.2,2500,56.5,Clear,27.9,0.0,1,7,,csv_upload,False,False,0.5765959351777241,MEDIUM,0,9,0,1,881.0,40.9,MEDIUM,45.53333333333333,734.6666666666666
RD001,MG Road,12.9756,77.6068,2026-09-01 07:15:00,1048,23.3,2000,64.2,Clear,27.8,0.0,1,7,,csv_upload,False,False,0.5071280879312221,MEDIUM,15,9,0,1,830.0,30.4,MEDIUM,32.266666666666666,739.0
RD002,Hosur Road,12.92,77.63,2026-09-01 07:15:00,1319,29.7,2500,63.9,Clear,27.8,0.0,1,7,,csv_upload,False,False,0.5318291700241741,MEDIUM,15,9,0,1,1149.0,32.2,MEDIUM,39.53333333333333,921.6666666666666
RD003,Outer Ring Road,12.935,77.695,2026-09-01 07:15:00,1592,34.1,3000,65.0,Clear,27.8,0.0,1,7,,csv_upload,False,False,0.5210482084192833,MEDIUM,15,9,0,1,1269.0,44.4,MEDIUM,48.36666666666667,1083.0
RD001,MG Road,12.9756,77.6068,2026-09-01 07:30:00,1202,19.1,2000,72.4,Clear,27.8,0.0,1,7,,csv_upload,False,False,0.4157144411796714,HIGH,30,9,0,1,1048.0,23.3,MEDIUM,28.066666666666666,889.6666666666666
RD002,Hosur Road,12.92,77.63,2026-09-01 07:30:00,1504,22.5,2500,73.2,Clear,27.8,0.0,1,7,,csv_upload,False,False,0.40290088638195004,HIGH,30,9,0,1,1319.0,29.7,MEDIUM,34.266666666666666,1116.3333333333333
RD003,Outer Ring Road,12.935,77.695,2026-09-01 07:30:00,1662,32.1,3000,67.4,Clear,27.8,0.0,1,7,,csv_upload,False,False,0.49048819619527845,HIGH,30,9,0,1,1592.0,34.1,MEDIUM,42.13333333333333,1310.3333333333333
RD001,MG Road,12.9756,77.6068,2026-09-01 07:45:00,1298,17.3,2000,78.8,Clear,27.7,0.0,1,7,,csv_upload,False,False,0.3765371640004353,HIGH,45,9,0,1,1202.0,19.1,HIGH,24.266666666666666,1026.6666666666667
RD003,Outer Ring Road,12.935,77.695,2026-09-01 07:45:00,2002,23.6,3000,80.9,Clear,27.7,0.0,1,7,,csv_upload,False,False,0.36060814424325766,HIGH,45,9,0,1,1662.0,32.1,HIGH,36.86666666666667,1507.6666666666667
RD002,Hosur Road,12.92,77.63,2026-09-01 07:45:00,1638,19.5,2500,79.0,Clear,27.7,0.0,1,7,,csv_upload,False,False,0.34918076819769006,HIGH,45,9,0,1,1504.0,22.5,HIGH,28.133333333333336,1324.0
RD003,Outer Ring Road,12.935,77.695,2026-09-01 08:00:00,250,55.0,3000,20.0,Clear,26.0,0.0,1,8,,csv_upload,False,False,0.8404003361601343,LOW,0,9,0,1,2002.0,23.6,HIGH,29.933333333333334,1752.0
RD001,MG Road,12.9756,77.6068,2026-09-01 08:00:00,320,18.5,2000,45.0,Clear,26.5,0.0,1,8,,csv_upload,False,False,0.40265534878659265,HIGH,0,9,0,1,1298.0,17.3,HIGH,19.900000000000002,1182.6666666666667
RD002,Hosur Road,12.92,77.63,2026-09-01 08:00:00,610,22.1,2500,50.0,Cloudy,25.0,0.2,1,8,,csv_upload,False,False,0.3957382039573821,HIGH,0,9,0,1,1638.0,19.5,HIGH,23.900000000000002,1487.0
RD003,Outer Ring Road,12.935,77.695,2026-09-01 08:15:00,2216,15.8,3000,89.1,Clear,27.5,0.0,1,8,,csv_upload,False,False,0.24142409656963862,SEVERE,15,9,0,1,250.0,55.0,LOW,36.9,1304.6666666666667
RD001,MG Road,12.9756,77.6068,2026-09-01 08:15:00,410,14.2,2000,58.0,Clear,26.8,0.0,1,8,,csv_upload,False,False,0.3090651866361954,HIGH,15,9,0,1,320.0,18.5,HIGH,18.3,940.0
RD002,Hosur Road,12.92,77.63,2026-09-01 08:15:00,690,17.4,2500,61.0,Cloudy,25.1,0.5,1,8,,csv_upload,False,False,0.31157668546870804,HIGH,15,9,0,1,610.0,22.1,HIGH,21.366666666666664,1250.6666666666667
RD001,MG Road,12.9756,77.6068,2026-09-01 08:30:00,505,9.8,2000,72.0,Clear,27.0,0.0,1,8,,csv_upload,False,False,0.2132985090869518,SEVERE,30,9,0,1,410.0,14.2,HIGH,16.666666666666668,676.0
RD002,Hosur Road,12.92,77.63,2026-09-01 08:30:00,780,11.0,2500,79.0,Rain,24.8,3.2,1,8,,csv_upload,False,False,0.19697376667562003,SEVERE,30,9,0,1,690.0,17.4,HIGH,19.666666666666668,979.3333333333334
RD003,Outer Ring Road,12.935,77.695,2026-09-01 08:30:00,2213,16.3,3000,88.2,Clear,27.4,0.0,1,8,,csv_upload,False,False,0.24906409962563983,SEVERE,30,9,0,1,2216.0,15.8,SEVERE,31.466666666666665,1489.3333333333333
RD002,Hosur Road,12.92,77.63,2026-09-01 08:45:00,1803,17.3,2500,86.1,Clear,27.3,0.0,1,8,,csv_upload,False,False,0.3097860148625661,HIGH,45,9,0,1,780.0,11.0,SEVERE,16.833333333333332,693.3333333333334
RD003,Outer Ring Road,12.935,77.695,2026-09-01 08:45:00,2261,17.2,3000,90.0,Clear,27.3,0.0,1,8,,csv_upload,False,False,0.262816105126442,HIGH,45,9,0,1,2213.0,16.3,SEVERE,29.03333333333333,1559.6666666666667
RD001,MG Road,12.9756,77.6068,2026-09-01 08:45:00,1503,11.0,2000,90.0,Clear,27.3,0.0,1,8,,csv_upload,False,False,0.23941669387310915,SEVERE,45,9,0,1,505.0,9.8,SEVERE,14.166666666666666,411.6666666666667
RD002,Hosur Road,12.92,77.63,2026-09-01 09:00:00,1830,16.2,2500,87.4,Clear,27.1,0.0,1,9,,csv_upload,False,False,0.290088638195004,HIGH,0,9,0,1,1803.0,17.3,HIGH,15.233333333333334,1091.0
RD003,Outer Ring Road,12.935,77.695,2026-09-01 09:00:00,2170,17.9,3000,86.6,Clear,27.1,0.0,1,9,,csv_upload,False,False,0.2735121094048437,HIGH,0,9,0,1,2261.0,17.2,HIGH,16.433333333333334,2230.0
RD001,MG Road,12.9756,77.6068,2026-09-01 09:00:00,1341,16.3,2000,81.1,Clear,27.1,0.0,1,9,,csv_upload,False,False,0.35477201001197084,HIGH,0,9,0,1,1503.0,11.0,SEVERE,11.666666666666666,806.0
RD003,Outer Ring Road,12.935,77.695,2026-09-01 09:15:00,1899,26.4,3000,76.7,Clear,27.0,0.0,1,9,,csv_upload,False,False,0.40339216135686445,HIGH,15,9,0,1,2170.0,17.9,HIGH,17.133333333333336,2214.6666666666665
RD001,MG Road,12.9756,77.6068,2026-09-01 09:15:00,1258,19.5,2000,75.3,Clear,27.0,0.0,1,9,,csv_upload,False,False,0.4244205027750571,HIGH,15,9,0,1,1341.0,16.3,HIGH,12.366666666666667,1116.3333333333333
RD002,Hosur Road,12.92,77.63,2026-09-01 09:15:00,1575,22.9,2500,76.1,Clear,27.0,0.0,1,9,,csv_upload,False,False,0.410063568806518,HIGH,15,9,0,1,1830.0,16.2,HIGH,14.833333333333334,1471.0
RD001,MG Road,12.9756,77.6068,2026-09-01 09:30:00,1097,21.5,2000,66.8,Clear,26.8,0.0,1,9,,csv_upload,False,False,0.4679508107519861,HIGH,30,9,0,1,1258.0,19.5,HIGH,15.6,1367.3333333333333
RD002,Hosur Road,12.92,77.63,2026-09-01 09:30:00,1497,25.3,2500,72.7,Clear,26.8,0.0,1,9,,csv_upload,False,False,0.4530396633539261,HIGH,30,9,0,1,1575.0,22.9,HIGH,18.8,1736.0
RD003,Outer Ring Road,12.935,77.695,2026-09-01 09:30:00,1779,29.1,3000,71.1,Clear,26.8,0.0,1,9,,csv_upload,False,False,0.44464817785927113,HIGH,30,9,0,1,1899.0,26.4,HIGH,20.5,2110.0
RD001,MG Road,12.9756,77.6068,2026-09-01 09:45:00,1005,26.1,2000,61.8,Clear,26.7,0.0,1,9,,csv_upload,False,False,0.5680705190989227,MEDIUM,45,9,0,1,1097.0,21.5,HIGH,19.099999999999998,1232.0
RD002,Hosur Road,12.92,77.63,2026-09-01 09:45:00,1350,27.6,2500,64.9,Clear,26.7,0.0,1,9,,csv_upload,False,False,0.4942250872951921,HIGH,45,9,0,1,1497.0,25.3,HIGH,21.466666666666665,1634.0
RD003,Outer Ring Road,12.935,77.695,2026-09-01 09:45:00,1475,36.0,3000,59.9,Clear,26.7,0.0,1,9,,csv_upload,False,False,0.5500802200320879,MEDIUM,45,9,0,1,1779.0,29.1,HIGH,24.466666666666665,1949.3333333333333
RD002,Hosur Road,12.92,77.63,2026-09-01 10:00:00,1087,35.1,2500,53.1,Clear,26.5,0.0,1,10,,csv_upload,False,False,0.6285253827558421,MEDIUM,0,9,0,0,1350.0,27.6,HIGH,25.266666666666666,1474.0
RD003,Outer Ring Road,12.935,77.695,2026-09-01 10:00:00,1241,43.8,3000,51.3,Clear,26.5,0.0,1,10,,csv_upload,False,False,0.669264267705707,MEDIUM,0,9,0,0,1475.0,36.0,MEDIUM,30.5,1717.6666666666667
RD001,MG Road,12.9756,77.6068,2026-09-01 10:00:00,897,27.7,2000,54.7,Clear,26.5,0.0,1,10,,csv_upload,False,False,0.6028947654804657,MEDIUM,0,9,0,0,1005.0,26.1,MEDIUM,22.36666666666667,1120.0
RD003,Outer Ring Road,12.935,77.695,2026-09-01 10:15:00,1016,50.0,3000,42.2,Clear,26.3,0.0,1,10,,csv_upload,False,False,0.7640003056001221,LOW,15,9,0,0,1241.0,43.8,MEDIUM,36.3,1498.3333333333333
RD001,MG Road,12.9756,77.6068,2026-09-01 10:15:00,790,31.5,2000,48.2,Clear,26.3,0.0,1,10,,csv_upload,False,False,0.6856023506366308,MEDIUM,15,9,0,0,897.0,27.7,MEDIUM,25.100000000000005,999.6666666666666
RD002,Hosur Road,12.92,77.63,2026-09-01 10:15:00,947,39.7,2500,46.9,Clear,26.3,0.0,1,10,,csv_upload,False,False,0.7108962306383741,MEDIUM,15,9,0,0,1087.0,35.1,MEDIUM,29.333333333333332,1311.3333333333333
RD003,Outer Ring Road,12.935,77.695,2026-09-01 10:30:00,895,52.0,3000,37.8,Clear,26.1,0.0,1,10,,csv_upload,False,False,0.7945603178241271,LOW,30,9,0,0,1016.0,50.0,LOW,43.26666666666667,1244.0
RD001,MG Road,12.9756,77.6068,2026-09-01 10:30:00,600,37.8,2000,37.1,Clear,26.1,0.0,1,10,,csv_upload,False,False,0.8227228207639569,LOW,30,9,0,0,790.0,31.5,MEDIUM,28.433333333333337,897.3333333333334
RD002,Hosur Road,12.92,77.63,2026-09-01 10:30:00,737,44.4,2500,37.1,Clear,26.1,0.0,1,10,,csv_upload,False,False,0.7950577491270481,LOW,30,9,0,0,947.0,39.7,MEDIUM,34.13333333333333,1128.0
RD003,Outer Ring Road,12.935,77.695,2026-09-01 10:45:00,785,54.2,3000,33.3,Clear,26.0,0.0,1,10,,csv_upload,False,False,0.8281763312705325,LOW,45,9,0,0,895.0,52.0,LOW,48.6,1050.6666666666667
RD002,Hosur Road,12.92,77.63,2026-09-01 10:45:00,706,46.1,2500,35.8,Clear,26.0,0.0,1,10,,csv_upload,False,False,0.8254991494314621,LOW,45,9,0,0,737.0,44.4,LOW,39.733333333333334,923.6666666666666
RD001,MG Road,12.9756,77.6068,2026-09-01 10:45:00,517,40.3,2000,32.4,Clear,26.0,0.0,1,10,,csv_upload,False,False,0.877135705735118,LOW,45,9,0,0,600.0,37.8,LOW,32.333333333333336,762.3333333333334
RD002,Hosur Road,12.92,77.63,2026-09-01 11:00:00,547,49.8,2500,28.5,Clear,25.8,0.0,1,11,,csv_upload,False,False,0.891753961858716,LOW,0,9,0,0,706.0,46.1,LOW,43.400000000000006,796.6666666666666
RD003,Outer Ring Road,12.935,77.695,2026-09-01 11:00:00,678,60.3,3000,28.5,Clear,25.8,0.0,1,11,,csv_upload,False,False,0.9213843685537473,LOW,0,9,0,0,785.0,54.2,LOW,52.06666666666666,898.6666666666666
RD001,MG Road,12.9756,77.6068,2026-09-01 11:00:00,445,41.3,2000,28.2,Clear,25.8,0.0,1,11,,csv_upload,False,False,0.8989008597235825,LOW,0,9,0,0,517.0,40.3,LOW,36.53333333333333,635.6666666666666
RD002,Hosur Road,12.92,77.63,2026-09-01 11:15:00,525,50.6,2500,26.6,Clear,25.6,0.0,1,11,,csv_upload,False,False,0.9060793267078522,LOW,15,9,0,0,547.0,49.8,LOW,46.76666666666667,663.3333333333334
RD003,Outer Ring Road,12.935,77.695,2026-09-01 11:15:00,631,60.4,3000,27.4,Clear,25.6,0.0,1,11,,csv_upload,False,False,0.9229123691649476,LOW,15,9,0,0,678.0,60.3,LOW,55.5,786.0
RD001,MG Road,12.9756,77.6068,2026-09-01 11:15:00,357,42.2,2000,23.3,Clear,25.6,0.0,1,11,,csv_upload,False,False,0.9184894983132006,LOW,15,9,0,0,445.0,41.3,LOW,39.800000000000004,520.6666666666666
RD003,Outer Ring Road,12.935,77.695,2026-09-01 11:30:00,515,63.4,3000,22.9,Clear,25.4,0.0,1,11,,csv_upload,False,False,0.9687523875009548,LOW,30,9,0,0,631.0,60.4,LOW,58.300000000000004,698.0
RD001,MG Road,12.9756,77.6068,2026-09-01 11:30:00,315,42.9,2000,21.4,Clear,25.4,0.0,1,11,,csv_upload,False,False,0.9337251061051256,LOW,30,9,0,0,357.0,42.2,LOW,41.26666666666666,439.6666666666667
RD002,Hosur Road,12.92,77.63,2026-09-01 11:30:00,433,54.1,2500,23.3,Clear,25.4,0.0,1,11,,csv_upload,False,False,0.9687527979228221,LOW,30,9,0,0,525.0,50.6,LOW,48.833333333333336,592.6666666666666
RD001,MG Road,12.9756,77.6068,2026-09-01 11:45:00,351,43.3,2000,23.4,Clear,25.2,0.0,1,11,,csv_upload,False,False,0.9424311677005114,LOW,45,9,0,0,315.0,42.9,LOW,42.13333333333333,372.3333333333333
RD002,Hosur Road,12.92,77.63,2026-09-01 11:45:00,450,51.7,2500,23.2,Clear,25.2,0.0,1,11,,csv_upload,False,False,0.9257767033754142,LOW,45,9,0,0,433.0,54.1,LOW,51.5,501.6666666666667
RD003,Outer Ring Road,12.935,77.695,2026-09-01 11:45:00,549,61.1,3000,24.0,Clear,25.2,0.0,1,11,,csv_upload,False,False,0.9336083734433493,LOW,45,9,0,0,515.0,63.4,LOW,61.36666666666667,608.0
RD001,MG Road,12.9756,77.6068,2026-09-01 12:00:00,300,46.4,2000,20.0,Clear,25.0,0.0,1,12,,csv_upload,False,False,1.0099031450647513,LOW,0,9,0,0,351.0,43.3,LOW,42.79999999999999,341.0
RD002,Hosur Road,12.92,77.63,2026-09-01 12:00:00,385,54.2,2500,20.0,Clear,25.0,0.0,1,12,,csv_upload,False,False,0.9705434685289641,LOW,0,9,0,0,450.0,51.7,LOW,52.13333333333333,469.3333333333333
RD003,Outer Ring Road,12.935,77.695,2026-09-01 12:00:00,477,65.3,3000,20.9,Clear,25.0,0.0,1,12,,csv_upload,False,False,0.9977843991137595,LOW,0,9,0,0,549.0,61.1,LOW,61.63333333333333,565.0
RD002,Hosur Road,12.92,77.63,2026-09-01 12:15:00,454,53.3,2500,23.4,Clear,24.8,0.0,1,12,,csv_upload,False,False,0.954427433073686,LOW,15,9,0,0,385.0,54.2,LOW,53.33333333333334,422.6666666666667
RD003,Outer Ring Road,12.935,77.695,2026-09-01 12:15:00,468,65.5,3000,20.7,Clear,24.8,0.0,1,12,,csv_upload,False,False,1.00084040033616,LOW,15,9,0,0,477.0,65.3,LOW,63.26666666666666,513.6666666666666
RD001,MG Road,12.9756,77.6068,2026-09-01 12:15:00,383,43.3,2000,24.1,Clear,24.8,0.0,1,12,,csv_upload,False,False,0.9424311677005114,LOW,15,9,0,0,300.0,46.4,LOW,44.199999999999996,322.0
RD003,Outer Ring Road,12.935,77.695,2026-09-01 12:30:00,510,63.5,3000,22.2,Clear,24.6,0.0,1,12,,csv_upload,False,False,0.9702803881121551,LOW,30,9,0,0,468.0,65.5,LOW,63.96666666666666,498.0
RD001,MG Road,12.9756,77.6068,2026-09-01 12:30:00,352,44.2,2000,23.1,Clear,24.6,0.0,1,12,,csv_upload,False,False,0.9620198062901295,LOW,30,9,0,0,383.0,43.3,LOW,44.333333333333336,344.6666666666667
RD002,Hosur Road,12.92,77.63,2026-09-01 12:30:00,379,54.2,2500,20.0,Clear,24.6,0.0,1,12,,csv_upload,False,False,0.9705434685289641,LOW,30,9,0,0,454.0,53.3,LOW,53.06666666666667,429.6666666666667
RD003,Outer Ring Road,12.935,77.695,2026-09-01 12:45:00,455,64.2,3000,20.0,Clear,24.4,0.0,1,12,,csv_upload,False,False,0.9809763923905569,LOW,45,9,0,0,510.0,63.5,LOW,64.76666666666667,485.0
RD001,MG Road,12.9756,77.6068,2026-09-01 12:45:00,293,43.7,2000,20.0,Clear,24.4,0.0,1,12,,csv_upload,False,False,0.9511372292958973,LOW,45,9,0,0,352.0,44.2,LOW,44.63333333333333,345.0
RD002,Hosur Road,12.92,77.63,2026-09-01 12:45:00,376,54.5,2500,20.0,Clear,24.4,0.0,1,12,,csv_upload,False,False,0.9759154803473901,LOW,45,9,0,0,379.0,54.2,LOW,53.900000000000006,406.0
RD001,MG Road,12.9756,77.6068,2026-09-01 13:00:00,323,43.0,2000,21.5,Clear,24.2,0.0,1,13,,csv_upload,False,False,0.9359016215039722,LOW,0,9,0,0,293.0,43.7,LOW,43.73333333333333,342.6666666666667
RD002,Hosur Road,12.92,77.63,2026-09-01 13:00:00,374,54.5,2500,20.4,Clear,24.2,0.0,1,13,,csv_upload,False,False,0.9759154803473901,LOW,0,9,0,0,376.0,54.5,LOW,54.0,403.0
RD003,Outer Ring Road,12.935,77.695,2026-09-01 13:00:00,452,66.2,3000,20.0,Clear,24.2,0.0,1,13,,csv_upload,False,False,1.0115364046145618,LOW,0,9,0,0,455.0,64.2,LOW,64.39999999999999,477.6666666666667
RD002,Hosur Road,12.92,77.63,2026-09-01 13:15:00,370,53.5,2500,20.0,Clear,24.0,0.0,1,13,,csv_upload,False,False,0.9580087742859701,LOW,15,9,0,0,374.0,54.5,LOW,54.400000000000006,376.3333333333333
RD003,Outer Ring Road,12.935,77.695,2026-09-01 13:15:00,510,64.8,3000,21.8,Clear,24.0,0.0,1,13,,csv_upload,False,False,0.9901443960577583,LOW,15,9,0,0,452.0,66.2,LOW,64.63333333333333,472.3333333333333
RD001,MG Road,12.9756,77.6068,2026-09-01 13:15:00,332,45.4,2000,21.4,Clear,24.0,0.0,1,13,,csv_upload,False,False,0.9881379910762869,LOW,15,9,0,0,323.0,43.0,LOW,43.63333333333333,322.6666666666667
RD002,Hosur Road,12.92,77.63,2026-09-01 13:30:00,382,53.7,2500,20.8,Clear,23.9,0.0,1,13,,csv_upload,False,False,0.9615901154982541,LOW,30,9,0,0,370.0,53.5,LOW,54.166666666666664,373.3333333333333
RD003,Outer Ring Road,12.935,77.695,2026-09-01 13:30:00,445,63.6,3000,20.0,Clear,23.9,0.0,1,13,,csv_upload,False,False,0.9718083887233554,LOW,30,9,0,0,510.0,64.8,LOW,65.06666666666666,472.3333333333333
RD001,MG Road,12.9756,77.6068,2026-09-01 13:30:00,301,45.7,2000,20.0,Clear,23.9,0.0,1,13,,csv_upload,False,False,0.9946675372728263,LOW,30,9,0,0,332.0,45.4,LOW,44.03333333333333,316.0
RD002,Hosur Road,12.92,77.63,2026-09-01 13:45:00,378,53.9,2500,20.0,Clear,23.7,0.0,1,13,,csv_upload,False,False,0.9651714567105381,LOW,45,9,0,0,382.0,53.7,LOW,53.900000000000006,375.3333333333333
RD001,MG Road,12.9756,77.6068,2026-09-01 13:45:00,312,44.1,2000,21.3,Clear,23.7,0.0,1,13,,csv_upload,False,False,0.9598432908912831,LOW,45,9,0,0,301.0,45.7,LOW,44.70000000000001,318.6666666666667
RD003,Outer Ring Road,12.935,77.695,2026-09-01 13:45:00,451,64.7,3000,20.0,Clear,23.7,0.0,1,13,,csv_upload,False,False,0.9886163954465581,LOW,45,9,0,0,445.0,63.6,LOW,64.86666666666666,469.0
RD001,MG Road,12.9756,77.6068,2026-09-01 14:00:00,289,45.4,2000,20.0,Clear,23.5,0.0,1,14,,csv_upload,False,False,0.9881379910762869,LOW,0,9,0,0,312.0,44.1,LOW,45.06666666666667,315.0
RD002,Hosur Road,12.92,77.63,2026-09-01 14:00:00,371,53.7,2500,20.0,Clear,23.5,0.0,1,14,,csv_upload,False,False,0.9615901154982541,LOW,0,9,0,0,378.0,53.9,LOW,53.70000000000001,376.6666666666667
RD003,Outer Ring Road,12.935,77.695,2026-09-01 14:00:00,457,64.5,3000,20.0,Clear,23.5,0.0,1,14,,csv_upload,False,False,0.9855603942241575,LOW,0,9,0,0,451.0,64.7,LOW,64.36666666666666,468.6666666666667
RD001,MG Road,12.9756,77.6068,2026-09-01 14:15:00,309,45.8,2000,20.0,Clear,23.3,0.0,1,14,,csv_upload,False,False,0.9968440526716725,LOW,15,9,0,0,289.0,45.4,LOW,45.06666666666666,300.6666666666667
RD002,Hosur Road,12.92,77.63,2026-09-01 14:15:00,360,53.7,2500,20.0,Clear,23.3,0.0,1,14,,csv_upload,False,False,0.9615901154982541,LOW,15,9,0,0,371.0,53.7,LOW,53.76666666666667,377.0
RD003,Outer Ring Road,12.935,77.695,2026-09-01 14:15:00,456,66.2,3000,20.4,Clear,23.3,0.0,1,14,,csv_upload,False,False,1.0115364046145618,LOW,15,9,0,0,457.0,64.5,LOW,64.26666666666667,451.0
RD002,Hosur Road,12.92,77.63,2026-09-01 14:30:00,411,55.1,2500,22.1,Clear,23.2,0.0,1,14,,csv_upload,False,False,0.9866595039842422,LOW,30,9,0,0,360.0,53.7,LOW,53.76666666666667,369.6666666666667
RD003,Outer Ring Road,12.935,77.695,2026-09-01 14:30:00,438,64.0,3000,20.0,Clear,23.2,0.0,1,14,,csv_upload,False,False,0.9779203911681563,LOW,30,9,0,0,456.0,66.2,LOW,65.13333333333333,454.6666666666667
RD001,MG Road,12.9756,77.6068,2026-09-01 14:30:00,328,45.2,2000,21.4,Clear,23.2,0.0,1,14,,csv_upload,False,False,0.9837849602785941,LOW,30,9,0,0,309.0,45.8,LOW,45.1,303.3333333333333
RD003,Outer Ring Road,12.935,77.695,2026-09-01 14:45:00,474,64.8,3000,21.4,Clear,23.0,0.0,1,14,,csv_upload,False,False,0.9901443960577583,LOW,45,9,0,0,438.0,64.0,LOW,64.89999999999999,450.3333333333333
RD001,MG Road,12.9756,77.6068,2026-09-01 14:45:00,322,44.3,2000,21.8,Clear,23.0,0.0,1,14,,csv_upload,False,False,0.9641963216889758,LOW,45,9,0,0,328.0,45.2,LOW,45.46666666666667,308.6666666666667
RD002,Hosur Road,12.92,77.63,2026-09-01 14:45:00,408,54.6,2500,22.0,Clear,23.0,0.0,1,14,,csv_upload,False,False,0.9777061509535322,LOW,45,9,0,0,411.0,55.1,LOW,54.166666666666664,380.6666666666667
RD003,Outer Ring Road,12.935,77.695,2026-09-01 15:00:00,569,61.6,3000,24.4,Clear,22.9,0.0,1,15,,csv_upload,False,False,0.9412483764993506,LOW,0,9,0,0,474.0,64.8,LOW,65.0,456.0
RD001,MG Road,12.9756,77.6068,2026-09-01 15:00:00,346,44.7,2000,23.4,Clear,22.9,0.0,1,15,,csv_upload,False,False,0.9729023832843617,LOW,0,9,0,0,322.0,44.3,LOW,45.1,319.6666666666667
RD002,Hosur Road,12.92,77.63,2026-09-01 15:00:00,380,54.4,2500,20.0,Clear,22.9,0.0,1,15,,csv_upload,False,False,0.974124809741248,LOW,0,9,0,0,408.0,54.6,LOW,54.466666666666676,393.0
RD001,MG Road,12.9756,77.6068,2026-09-01 15:15:00,303,45.6,2000,20.0,Clear,22.7,0.0,1,15,,csv_upload,False,False,0.9924910218739798,LOW,15,9,0,0,346.0,44.7,LOW,44.73333333333333,332.0
RD002,Hosur Road,12.92,77.63,2026-09-01 15:15:00,385,55.8,2500,20.0,Clear,22.7,0.0,1,15,,csv_upload,False,False,0.9991941982272361,LOW,15,9,0,0,380.0,54.4,LOW,54.699999999999996,399.6666666666667
RD003,Outer Ring Road,12.935,77.695,2026-09-01 15:15:00,535,61.9,3000,22.8,Clear,22.7,0.0,1,15,,csv_upload,False,False,0.9458323783329512,LOW,15,9,0,0,569.0,61.6,LOW,63.46666666666667,493.6666666666667
RD002,Hosur Road,12.92,77.63,2026-09-01 15:30:00,425,53.5,2500,22.6,Clear,22.6,0.0,1,15,,csv_upload,False,False,0.9580087742859701,LOW,30,9,0,0,385.0,55.8,LOW,54.93333333333334,391.0
RD003,Outer Ring Road,12.935,77.695,2026-09-01 15:30:00,590,61.8,3000,25.9,Clear,22.6,0.0,1,15,,csv_upload,False,False,0.9443043777217509,LOW,30,9,0,0,535.0,61.9,LOW,62.76666666666667,526.0
RD001,MG Road,12.9756,77.6068,2026-09-01 15:30:00,391,41.9,2000,25.5,Clear,22.6,0.0,1,15,,csv_upload,False,False,0.9119599521166611,LOW,30,9,0,0,303.0,45.6,LOW,44.86666666666667,323.6666666666667
RD002,Hosur Road,12.92,77.63,2026-09-01 15:45:00,533,50.6,2500,27.1,Clear,22.5,0.0,1,15,,csv_upload,False,False,0.9060793267078522,LOW,45,9,0,0,425.0,53.5,LOW,54.56666666666667,396.6666666666667
RD003,Outer Ring Road,12.935,77.695,2026-09-01 15:45:00,687,58.1,3000,28.9,Clear,22.5,0.0,1,15,,csv_upload,False,False,0.887768355107342,LOW,45,9,0,0,590.0,61.8,LOW,61.76666666666667,564.6666666666666
RD001,MG Road,12.9756,77.6068,2026-09-01 15:45:00,461,41.1,2000,28.9,Clear,22.5,0.0,1,15,,csv_upload,False,False,0.8945478289258897,LOW,45,9,0,0,391.0,41.9,LOW,44.06666666666666,346.6666666666667
RD003,Outer Ring Road,12.935,77.695,2026-09-01 16:00:00,745,56.1,3000,31.0,Clear,22.4,0.0,1,16,,csv_upload,False,False,0.857208342883337,LOW,0,9,0,0,687.0,58.1,LOW,60.6,604.0
RD001,MG Road,12.9756,77.6068,2026-09-01 16:00:00,452,40.6,2000,29.0,Clear,22.4,0.0,1,16,,csv_upload,False,False,0.8836652519316575,LOW,0,9,0,0,461.0,41.1,LOW,42.86666666666667,385.0
RD002,Hosur Road,12.92,77.63,2026-09-01 16:00:00,606,48.2,2500,30.3,Clear,22.4,0.0,1,16,,csv_upload,False,False,0.8631032321604442,LOW,0,9,0,0,533.0,50.6,LOW,53.300000000000004,447.6666666666667
RD001,MG Road,12.9756,77.6068,2026-09-01 16:15:00,494,39.5,2000,31.2,Clear,22.3,0.0,1,16,,csv_upload,False,False,0.8597235825443464,LOW,15,9,0,0,452.0,40.6,LOW,41.2,434.6666666666667
RD002,Hosur Road,12.92,77.63,2026-09-01 16:15:00,644,46.5,2500,32.1,Clear,22.3,0.0,1,16,,csv_upload,False,False,0.8326618318560302,LOW,15,9,0,0,606.0,48.2,LOW,50.76666666666667,521.3333333333334
RD003,Outer Ring Road,12.935,77.695,2026-09-01 16:15:00,734,56.7,3000,30.7,Clear,22.3,0.0,1,16,,csv_upload,False,False,0.8663763465505385,LOW,15,9,0,0,745.0,56.1,LOW,58.666666666666664,674.0
RD001,MG Road,12.9756,77.6068,2026-09-01 16:30:00,603,37.8,2000,37.3,Clear,22.2,0.0,1,16,,csv_upload,False,False,0.8227228207639569,LOW,30,9,0,0,494.0,39.5,LOW,40.4,469.0
RD002,Hosur Road,12.92,77.63,2026-09-01 16:30:00,750,43.6,2500,36.9,Clear,22.2,0.0,1,16,,csv_upload,False,False,0.7807323842779121,LOW,30,9,0,0,644.0,46.5,LOW,48.43333333333334,594.3333333333334
RD003,Outer Ring Road,12.935,77.695,2026-09-01 16:30:00,849,54.8,3000,35.6,Clear,22.2,0.0,1,16,,csv_upload,False,False,0.8373443349377339,LOW,30,9,0,0,734.0,56.7,LOW,56.96666666666667,722.0
RD001,MG Road,12.9756,77.6068,2026-09-01 16:45:00,767,32.5,2000,47.0,Clear,22.2,0.0,1,16,,csv_upload,False,False,0.7073675046250952,MEDIUM,45,9,0,0,603.0,37.8,LOW,39.3,516.3333333333334
RD003,Outer Ring Road,12.935,77.695,2026-09-01 16:45:00,1042,49.4,3000,43.3,Clear,22.2,0.0,1,16,,csv_upload,False,False,0.7548323019329206,LOW,45,9,0,0,849.0,54.8,LOW,55.866666666666674,776.0
RD002,Hosur Road,12.92,77.63,2026-09-01 16:45:00,901,41.1,2500,45.2,Clear,22.2,0.0,1,16,,csv_upload,False,False,0.7359656191243621,MEDIUM,45,9,0,0,750.0,43.6,LOW,46.1,666.6666666666666
RD003,Outer Ring Road,12.935,77.695,2026-09-01 17:00:00,1329,40.3,3000,54.5,Clear,22.1,0.0,1,17,,csv_upload,False,False,0.6157842463136984,MEDIUM,0,9,0,1,1042.0,49.4,LOW,53.63333333333333,875.0
RD001,MG Road,12.9756,77.6068,2026-09-01 17:00:00,877,28.7,2000,53.6,Clear,22.1,0.0,1,17,,csv_upload,False,False,0.6246599194689302,MEDIUM,0,9,0,1,767.0,32.5,MEDIUM,36.6,621.3333333333334
RD002,Hosur Road,12.92,77.63,2026-09-01 17:00:00,1067,36.6,2500,52.5,Clear,22.1,0.0,1,17,,csv_upload,False,False,0.6553854418479721,MEDIUM,0,9,0,1,901.0,41.1,MEDIUM,43.73333333333333,765.0
RD003,Outer Ring Road,12.935,77.695,2026-09-01 17:15:00,1474,37.4,3000,59.6,Clear,22.1,0.0,1,17,,csv_upload,False,False,0.5714722285888914,MEDIUM,15,9,0,1,1329.0,40.3,MEDIUM,48.166666666666664,1073.3333333333333
RD001,MG Road,12.9756,77.6068,2026-09-01 17:15:00,955,25.3,2000,58.9,Clear,22.1,0.0,1,17,,csv_upload,False,False,0.550658395908151,MEDIUM,15,9,0,1,877.0,28.7,MEDIUM,33.0,749.0
RD002,Hosur Road,12.92,77.63,2026-09-01 17:15:00,1261,31.1,2500,61.8,Clear,22.1,0.0,1,17,,csv_upload,False,False,0.5568985585101621,MEDIUM,15,9,0,1,1067.0,36.6,MEDIUM,40.43333333333334,906.0
RD001,MG Road,12.9756,77.6068,2026-09-01 17:30:00,1210,19.3,2000,73.5,Clear,22.0,0.0,1,17,,csv_upload,False,False,0.42006747197736427,HIGH,30,9,0,1,955.0,25.3,MEDIUM,28.833333333333332,866.3333333333334
RD002,Hosur Road,12.92,77.63,2026-09-01 17:30:00,1381,26.2,2500,67.4,Clear,22.0,0.0,1,17,,csv_upload,False,False,0.46915569880920405,HIGH,30,9,0,1,1261.0,31.1,MEDIUM,36.26666666666667,1076.3333333333333
RD003,Outer Ring Road,12.935,77.695,2026-09-01 17:30:00,1683,30.2,3000,67.9,Clear,22.0,0.0,1,17,,csv_upload,False,False,0.4614561845824738,HIGH,30,9,0,1,1474.0,37.4,MEDIUM,42.36666666666667,1281.6666666666667
RD002,Hosur Road,12.92,77.63,2026-09-01 17:45:00,1659,18.9,2500,79.4,Clear,22.0,0.0,1,17,,csv_upload,False,False,0.338436744560838,HIGH,45,9,0,1,1381.0,26.2,HIGH,31.300000000000008,1236.3333333333333
RD003,Outer Ring Road,12.935,77.695,2026-09-01 17:45:00,1942,25.7,3000,78.0,Clear,22.0,0.0,1,17,,csv_upload,False,False,0.3926961570784628,HIGH,45,9,0,1,1683.0,30.2,HIGH,35.96666666666666,1495.3333333333333
RD001,MG Road,12.9756,77.6068,2026-09-01 17:45:00,1269,19.2,2000,76.5,Clear,22.0,0.0,1,17,,csv_upload,False,False,0.41789095657851777,HIGH,45,9,0,1,1210.0,19.3,HIGH,24.433333333333334,1014.0
RD002,Hosur Road,12.92,77.63,2026-09-01 18:00:00,1687,20.2,2500,81.3,Clear,22.0,0.0,1,18,,csv_upload,False,False,0.36171546244068403,HIGH,0,9,0,1,1659.0,18.9,HIGH,25.400000000000002,1433.6666666666667
RD003,Outer Ring Road,12.935,77.695,2026-09-01 18:00:00,2151,18.3,3000,86.7,Clear,22.0,0.0,1,18,,csv_upload,False,False,0.2796241118496447,HIGH,0,9,0,1,1942.0,25.7,HIGH,31.099999999999994,1699.6666666666667
RD001,MG Road,12.9756,77.6068,2026-09-01 18:00:00,1390,13.9,2000,84.2,Clear,22.0,0.0,1,18,,csv_upload,False,False,0.30253564043965614,HIGH,0,9,0,1,1269.0,19.2,HIGH,21.266666666666666,1144.6666666666667
RD002,Hosur Road,12.92,77.63,2026-09-01 18:15:00,1868,13.8,2500,89.0,Clear,22.0,0.0,1,18,,csv_upload,False,False,0.24711254364759605,SEVERE,15,9,0,1,1687.0,20.2,HIGH,21.76666666666667,1575.6666666666667
RD001,MG Road,12.9756,77.6068,2026-09-01 18:15:00,1480,10.2,2000,89.5,Clear,22.0,0.0,1,18,,csv_upload,False,False,0.22200457068233756,SEVERE,15,9,0,1,1390.0,13.9,HIGH,17.466666666666665,1289.6666666666667
RD003,Outer Ring Road,12.935,77.695,2026-09-01 18:15:00,2147,19.9,3000,85.9,Clear,22.0,0.0,1,18,,csv_upload,False,False,0.3040721216288486,HIGH,15,9,0,1,2151.0,18.3,HIGH,24.733333333333334,1925.3333333333333
RD001,MG Road,12.9756,77.6068,2026-09-01 18:30:00,1500,10.4,2000,90.0,Clear,22.0,0.0,1,18,,csv_upload,False,False,0.22635760148003048,SEVERE,30,9,0,1,1480.0,10.2,SEVERE,14.433333333333332,1379.6666666666667
RD002,Hosur Road,12.92,77.63,2026-09-01 18:30:00,1878,13.8,2500,89.7,Clear,22.0,0.0,1,18,,csv_upload,False,False,0.24711254364759605,SEVERE,30,9,0,1,1868.0,13.8,SEVERE,17.633333333333336,1738.0
RD003,Outer Ring Road,12.935,77.695,2026-09-01 18:30:00,2253,15.7,3000,90.0,Clear,22.0,0.0,1,18,,csv_upload,False,False,0.23989609595843833,SEVERE,30,9,0,1,2147.0,19.9,HIGH,21.299999999999997,2080.0
RD001,MG Road,12.9756,77.6068,2026-09-01 18:45:00,1501,12.3,2000,89.3,Clear,22.1,0.0,1,18,,csv_upload,False,False,0.26771139405811295,HIGH,45,9,0,1,1500.0,10.4,SEVERE,11.5,1456.6666666666667
RD002,Hosur Road,12.92,77.63,2026-09-01 18:45:00,1805,14.9,2500,86.5,Clear,22.1,0.0,1,18,,csv_upload,False,False,0.26680992031515804,HIGH,45,9,0,1,1878.0,13.8,SEVERE,15.933333333333337,1811.0
RD003,Outer Ring Road,12.935,77.695,2026-09-01 18:45:00,2138,17.9,3000,86.2,Clear,22.1,0.0,1,18,,csv_upload,False,False,0.2735121094048437,HIGH,45,9,0,1,2253.0,15.7,SEVERE,17.966666666666665,2183.6666666666665
RD002,Hosur Road,12.92,77.63,2026-09-01 19:00:00,1729,17.1,2500,82.9,Clear,22.1,0.0,1,19,,csv_upload,False,False,0.3062046736502821,HIGH,0,9,0,1,1805.0,14.9,HIGH,14.16666666666667,1850.3333333333333
RD003,Outer Ring Road,12.935,77.695,2026-09-01 19:00:00,2148,19.0,3000,85.8,Clear,22.1,0.0,1,19,,csv_upload,False,False,0.2903201161280464,HIGH,0,9,0,1,2138.0,17.9,HIGH,17.833333333333332,2179.3333333333335
RD001,MG Road,12.9756,77.6068,2026-09-01 19:00:00,1347,15.5,2000,80.9,Clear,22.1,0.0,1,19,,csv_upload,False,False,0.3373598868211993,HIGH,0,9,0,1,1501.0,12.3,HIGH,10.966666666666669,1493.6666666666667
RD003,Outer Ring Road,12.935,77.695,2026-09-01 19:15:00,1962,24.8,3000,78.3,Clear,22.2,0.0,1,19,,csv_upload,False,False,0.3789441515776606,HIGH,15,9,0,1,2148.0,19.0,HIGH,17.53333333333333,2179.6666666666665
RD001,MG Road,12.9756,77.6068,2026-09-01 19:15:00,1349,16.5,2000,81.0,Clear,22.2,0.0,1,19,,csv_upload,False,False,0.35912504080966373,HIGH,15,9,0,1,1347.0,15.5,HIGH,12.733333333333334,1449.3333333333333
RD002,Hosur Road,12.92,77.63,2026-09-01 19:15:00,1640,21.4,2500,79.2,Clear,22.2,0.0,1,19,,csv_upload,False,False,0.38320350971438805,HIGH,15,9,0,1,1729.0,17.1,HIGH,15.266666666666671,1804.0
RD003,Outer Ring Road,12.935,77.695,2026-09-01 19:30:00,1707,30.0,3000,68.7,Clear,22.2,0.0,1,19,,csv_upload,False,False,0.45840018336007327,HIGH,30,9,0,1,1962.0,24.8,HIGH,20.566666666666666,2082.6666666666665
RD001,MG Road,12.9756,77.6068,2026-09-01 19:30:00,1189,18.4,2000,72.4,Clear,22.2,0.0,1,19,,csv_upload,False,False,0.4004788333877462,HIGH,30,9,0,1,1349.0,16.5,HIGH,14.766666666666666,1399.0
RD002,Hosur Road,12.92,77.63,2026-09-01 19:30:00,1423,27.0,2500,68.8,Clear,22.2,0.0,1,19,,csv_upload,False,False,0.48348106365834004,HIGH,30,9,0,1,1640.0,21.4,HIGH,17.8,1724.6666666666667
RD003,Outer Ring Road,12.935,77.695,2026-09-01 19:45:00,1499,35.8,3000,61.1,Clear,22.3,0.0,1,19,,csv_upload,False,False,0.5470242188096874,MEDIUM,45,9,0,1,1707.0,30.0,HIGH,24.599999999999998,1939.0
RD002,Hosur Road,12.92,77.63,2026-09-01 19:45:00,1251,29.3,2500,61.5,Clear,22.3,0.0,1,19,,csv_upload,False,False,0.5246664875996061,MEDIUM,45,9,0,1,1423.0,27.0,HIGH,21.833333333333332,1597.3333333333333
RD001,MG Road,12.9756,77.6068,2026-09-01 19:45:00,1036,25.6,2000,63.0,Clear,22.3,0.0,1,19,,csv_upload,False,False,0.5571879421046905,MEDIUM,45,9,0,1,1189.0,18.4,HIGH,16.8,1295.0
RD002,Hosur Road,12.92,77.63,2026-09-01 20:00:00,1109,36.6,2500,53.6,Clear,22.4,0.0,1,20,,csv_upload,False,False,0.6553854418479721,MEDIUM,0,9,0,0,1251.0,29.3,MEDIUM,25.900000000000002,1438.0
RD003,Outer Ring Road,12.935,77.695,2026-09-01 20:00:00,1317,40.4,3000,54.3,Clear,22.4,0.0,1,20,,csv_upload,False,False,0.6173122469248987,MEDIUM,0,9,0,0,1499.0,35.8,MEDIUM,30.2,1722.6666666666667
RD001,MG Road,12.9756,77.6068,2026-09-01 20:00:00,827,31.8,2000,50.2,Clear,22.4,0.0,1,20,,csv_upload,False,False,0.6921318968331701,MEDIUM,0,9,0,0,1036.0,25.6,MEDIUM,20.166666666666668,1191.3333333333333
RD002,Hosur Road,12.92,77.63,2026-09-01 20:15:00,980,37.5,2500,48.1,Clear,22.5,0.0,1,20,,csv_upload,False,False,0.67150147730325,MEDIUM,15,9,0,0,1109.0,36.6,MEDIUM,30.96666666666667,1261.0
RD003,Outer Ring Road,12.935,77.695,2026-09-01 20:15:00,1110,46.8,3000,46.2,Clear,22.5,0.0,1,20,,csv_upload,False,False,0.7151042860417143,MEDIUM,15,9,0,0,1317.0,40.4,MEDIUM,35.4,1507.6666666666667
RD001,MG Road,12.9756,77.6068,2026-09-01 20:15:00,767,31.9,2000,47.0,Clear,22.5,0.0,1,20,,csv_upload,False,False,0.6943084122320166,MEDIUM,15,9,0,0,827.0,31.8,MEDIUM,25.266666666666666,1017.3333333333334
RD003,Outer Ring Road,12.935,77.695,2026-09-01 20:30:00,895,54.5,3000,37.0,Clear,22.6,0.0,1,20,,csv_upload,False,False,0.8327603331041331,LOW,30,9,0,0,1110.0,46.8,MEDIUM,41.0,1308.6666666666667
RD001,MG Road,12.9756,77.6068,2026-09-01 20:30:00,603,36.1,2000,37.4,Clear,22.6,0.0,1,20,,csv_upload,False,False,0.7857220589835673,LOW,30,9,0,0,767.0,31.9,MEDIUM,29.766666666666666,876.6666666666666
RD002,Hosur Road,12.92,77.63,2026-09-01 20:30:00,829,42.1,2500,41.0,Clear,22.6,0.0,1,20,,csv_upload,False,False,0.7538723251857821,LOW,30,9,0,0,980.0,37.5,MEDIUM,34.46666666666667,1113.3333333333333
RD001,MG Road,12.9756,77.6068,2026-09-01 20:45:00,522,38.5,2000,33.3,Clear,22.7,0.0,1,20,,csv_upload,False,False,0.837958428555882,LOW,45,9,0,0,603.0,36.1,LOW,33.26666666666667,732.3333333333334
RD002,Hosur Road,12.92,77.63,2026-09-01 20:45:00,623,49.5,2500,31.7,Clear,22.7,0.0,1,20,,csv_upload,False,False,0.8863819500402901,LOW,45,9,0,0,829.0,42.1,LOW,38.73333333333334,972.6666666666666
RD003,Outer Ring Road,12.935,77.695,2026-09-01 20:45:00,790,57.4,3000,33.1,Clear,22.7,0.0,1,20,,csv_upload,False,False,0.8770723508289402,LOW,45,9,0,0,895.0,54.5,LOW,47.23333333333333,1107.3333333333333
RD001,MG Road,12.9756,77.6068,2026-09-01 21:00:00,445,40.4,2000,29.0,Clear,22.9,0.0,1,21,,csv_upload,False,False,0.8793122211339645,LOW,0,9,0,0,522.0,38.5,LOW,35.5,630.6666666666666
RD002,Hosur Road,12.92,77.63,2026-09-01 21:00:00,544,51.2,2500,27.7,Clear,22.9,0.0,1,21,,csv_upload,False,False,0.9168233503447042,LOW,0,9,0,0,623.0,49.5,LOW,43.03333333333333,810.6666666666666
RD003,Outer Ring Road,12.935,77.695,2026-09-01 21:00:00,722,56.8,3000,30.5,Clear,22.9,0.0,1,21,,csv_upload,False,False,0.8679043471617387,LOW,0,9,0,0,790.0,57.4,LOW,52.9,931.6666666666666
RD002,Hosur Road,12.92,77.63,2026-09-01 21:15:00,442,54.7,2500,23.0,Clear,23.0,0.0,1,21,,csv_upload,False,False,0.9794968215596742,LOW,15,9,0,0,544.0,51.2,LOW,47.6,665.3333333333334
RD003,Outer Ring Road,12.935,77.695,2026-09-01 21:15:00,549,61.3,3000,23.8,Clear,23.0,0.0,1,21,,csv_upload,False,False,0.9366643746657497,LOW,15,9,0,0,722.0,56.8,LOW,56.23333333333333,802.3333333333334
RD001,MG Road,12.9756,77.6068,2026-09-01 21:15:00,453,40.7,2000,28.6,Clear,23.0,0.0,1,21,,csv_upload,False,False,0.8858417673305039,LOW,15,9,0,0,445.0,40.4,LOW,38.333333333333336,523.3333333333334
RD003,Outer Ring Road,12.935,77.695,2026-09-01 21:30:00,605,60.9,3000,25.8,Clear,23.2,0.0,1,21,,csv_upload,False,False,0.9305523722209488,LOW,30,9,0,0,549.0,61.3,LOW,58.5,687.0
RD001,MG Road,12.9756,77.6068,2026-09-01 21:30:00,380,41.9,2000,23.9,Clear,23.2,0.0,1,21,,csv_upload,False,False,0.9119599521166611,LOW,30,9,0,0,453.0,40.7,LOW,39.86666666666667,473.3333333333333
RD002,Hosur Road,12.92,77.63,2026-09-01 21:30:00,500,51.1,2500,26.4,Clear,23.2,0.0,1,21,,csv_upload,False,False,0.9150326797385622,LOW,30,9,0,0,442.0,54.7,LOW,51.800000000000004,536.3333333333334
RD003,Outer Ring Road,12.935,77.695,2026-09-01 21:45:00,482,65.4,3000,21.3,Clear,23.3,0.0,1,21,,csv_upload,False,False,0.9993123997249599,LOW,45,9,0,0,605.0,60.9,LOW,59.666666666666664,625.3333333333334
RD001,MG Road,12.9756,77.6068,2026-09-01 21:45:00,346,43.3,2000,22.1,Clear,23.3,0.0,1,21,,csv_upload,False,False,0.9424311677005114,LOW,45,9,0,0,380.0,41.9,LOW,41.0,426.0
RD002,Hosur Road,12.92,77.63,2026-09-01 21:45:00,492,51.0,2500,25.4,Clear,23.3,0.0,1,21,,csv_upload,False,False,0.9132420091324202,LOW,45,9,0,0,500.0,51.1,LOW,52.333333333333336,495.3333333333333
RD001,MG Road,12.9756,77.6068,2026-09-01 22:00:00,359,44.2,2000,23.8,Clear,23.5,0.0,1,22,,csv_upload,False,False,0.9620198062901295,LOW,0,9,0,0,346.0,43.3,LOW,41.96666666666667,393.0
RD002,Hosur Road,12.92,77.63,2026-09-01 22:00:00,456,52.9,2500,23.2,Clear,23.5,0.0,1,22,,csv_upload,False,False,0.9472647506491181,LOW,0,9,0,0,492.0,51.0,LOW,52.26666666666667,478.0
RD003,Outer Ring Road,12.935,77.695,2026-09-01 22:00:00,475,65.1,3000,21.2,Clear,23.5,0.0,1,22,,csv_upload,False,False,0.9947283978913589,LOW,0,9,0,0,482.0,65.4,LOW,62.53333333333334,545.3333333333334
RD002,Hosur Road,12.92,77.63,2026-09-01 22:15:00,388,53.6,2500,20.6,Clear,23.7,0.0,1,22,,csv_upload,False,False,0.9597994448921121,LOW,15,9,0,0,456.0,52.9,LOW,51.666666666666664,482.6666666666667
RD003,Outer Ring Road,12.935,77.695,2026-09-01 22:15:00,451,65.2,3000,20.0,Clear,23.7,0.0,1,22,,csv_upload,False,False,0.9962563985025593,LOW,15,9,0,0,475.0,65.1,LOW,63.800000000000004,520.6666666666666
RD001,MG Road,12.9756,77.6068,2026-09-01 22:15:00,314,45.3,2000,20.0,Clear,23.7,0.0,1,22,,csv_upload,False,False,0.9859614756774403,LOW,15,9,0,0,359.0,44.2,LOW,43.13333333333333,361.6666666666667
RD002,Hosur Road,12.92,77.63,2026-09-01 22:30:00,403,54.2,2500,21.7,Clear,23.9,0.0,1,22,,csv_upload,False,False,0.9705434685289641,LOW,30,9,0,0,388.0,53.6,LOW,52.5,445.3333333333333
RD003,Outer Ring Road,12.935,77.695,2026-09-01 22:30:00,515,62.1,3000,22.3,Clear,23.9,0.0,1,22,,csv_upload,False,False,0.9488883795553518,LOW,30,9,0,0,451.0,65.2,LOW,65.23333333333333,469.3333333333333
RD001,MG Road,12.9756,77.6068,2026-09-01 22:30:00,291,44.5,2000,20.0,Clear,23.9,0.0,1,22,,csv_upload,False,False,0.9685493524866688,LOW,30,9,0,0,314.0,45.3,LOW,44.26666666666667,339.6666666666667
RD002,Hosur Road,12.92,77.63,2026-09-01 22:45:00,417,55.2,2500,21.3,Clear,24.0,0.0,1,22,,csv_upload,False,False,0.9884501745903842,LOW,45,9,0,0,403.0,54.2,LOW,53.56666666666666,415.6666666666667
RD001,MG Road,12.9756,77.6068,2026-09-01 22:45:00,324,45.2,2000,21.6,Clear,24.0,0.0,1,22,,csv_upload,False,False,0.9837849602785941,LOW,45,9,0,0,291.0,44.5,LOW,44.666666666666664,321.3333333333333
RD003,Outer Ring Road,12.935,77.695,2026-09-01 22:45:00,453,63.5,3000,20.1,Clear,24.0,0.0,1,22,,csv_upload,False,False,0.9702803881121551,LOW,45,9,0,0,515.0,62.1,LOW,64.13333333333334,480.3333333333333
RD001,MG Road,12.9756,77.6068,2026-09-01 23:00:00,323,45.8,2000,20.7,Clear,24.2,0.0,1,23,,csv_upload,False,False,0.9968440526716725,LOW,0,9,0,0,324.0,45.2,LOW,45.0,309.6666666666667
RD003,Outer Ring Road,12.935,77.695,2026-09-01 23:00:00,496,63.6,3000,21.6,Clear,24.2,0.0,1,23,,csv_upload,False,False,0.9718083887233554,LOW,0,9,0,0,453.0,63.5,LOW,63.6,473.0
RD002,Hosur Road,12.92,77.63,2026-09-01 23:00:00,373,55.1,2500,20.0,Clear,24.2,0.0,1,23,,csv_upload,False,False,0.9866595039842422,LOW,0,9,0,0,417.0,55.2,LOW,54.333333333333336,402.6666666666667
RD001,MG Road,12.9756,77.6068,2026-09-01 23:15:00,314,44.9,2000,20.0,Clear,24.4,0.0,1,23,,csv_upload,False,False,0.9772554140820546,LOW,15,9,0,0,323.0,45.8,LOW,45.166666666666664,312.6666666666667
RD003,Outer Ring Road,12.935,77.695,2026-09-01 23:15:00,525,64.3,3000,22.5,Clear,24.4,0.0,1,23,,csv_upload,False,False,0.9825043930017571,LOW,15,9,0,0,496.0,63.6,LOW,63.06666666666666,488.0
RD002,Hosur Road,12.92,77.63,2026-09-01 23:15:00,379,55.6,2500,20.0,Clear,24.4,0.0,1,23,,csv_upload,False,False,0.9956128570149522,LOW,15,9,0,0,373.0,55.1,LOW,54.833333333333336,397.6666666666667
RD001,MG Road,12.9756,77.6068,2026-09-01 23:30:00,306,44.4,2000,20.0,Clear,24.6,0.0,1,23,,csv_upload,False,False,0.9663728370878224,LOW,30,9,0,0,314.0,44.9,LOW,45.300000000000004,320.3333333333333
RD003,Outer Ring Road,12.935,77.695,2026-09-01 23:30:00,462,65.4,3000,20.0,Clear,24.6,0.0,1,23,,csv_upload,False,False,0.9993123997249599,LOW,30,9,0,0,525.0,64.3,LOW,63.800000000000004,491.3333333333333
RD002,Hosur Road,12.92,77.63,2026-09-01 23:30:00,400,55.0,2500,21.8,Clear,24.6,0.0,1,23,,csv_upload,False,False,0.9848688333781002,LOW,30,9,0,0,379.0,55.6,LOW,55.300000000000004,389.6666666666667
RD001,MG Road,12.9756,77.6068,2026-09-01 23:45:00,357,44.1,2000,23.5,Clear,24.8,0.0,1,23,,csv_upload,False,False,0.9598432908912831,LOW,45,9,0,0,306.0,44.4,LOW,45.03333333333333,314.3333333333333
RD003,Outer Ring Road,12.935,77.695,2026-09-01 23:45:00,462,65.6,3000,20.0,Clear,24.8,0.0,1,23,,csv_upload,False,False,1.0023684009473601,LOW,45,9,0,0,462.0,65.4,LOW,64.43333333333334,494.3333333333333
RD002,Hosur Road,12.92,77.63,2026-09-01 23:45:00,386,55.4,2500,20.0,Clear,24.8,0.0,1,23,,csv_upload,False,False,0.9920315158026681,LOW,45,9,0,0,400.0,55.0,LOW,55.23333333333333,384.0
RD003,Outer Ring Road,12.935,77.695,2026-09-02 00:00:00,451,65.6,3000,20.5,Clear,25.0,0.0,2,0,,csv_upload,False,False,1.0023684009473601,LOW,0,9,0,0,462.0,65.6,LOW,65.1,483.0
RD002,Hosur Road,12.92,77.63,2026-09-02 00:00:00,375,53.9,2500,20.0,Clear,25.0,0.0,2,0,,csv_upload,False,False,0.9651714567105381,LOW,0,9,0,0,386.0,55.4,LOW,55.333333333333336,388.3333333333333
RD001,MG Road,12.9756,77.6068,2026-09-02 00:00:00,293,45.9,2000,20.0,Clear,25.0,0.0,2,0,,csv_upload,False,False,0.9990205680705191,LOW,0,9,0,0,357.0,44.1,LOW,44.46666666666667,325.6666666666667
RD002,Hosur Road,12.92,77.63,2026-09-02 00:15:00,364,56.2,2500,20.0,Clear,25.2,0.0,2,0,,csv_upload,False,False,1.0063568806518042,LOW,15,9,0,0,375.0,53.9,LOW,54.76666666666667,387.0
RD003,Outer Ring Road,12.935,77.695,2026-09-02 00:15:00,442,64.3,3000,20.0,Clear,25.2,0.0,2,0,,csv_upload,False,False,0.9825043930017571,LOW,15,9,0,0,451.0,65.6,LOW,65.53333333333333,458.3333333333333
RD001,MG Road,12.9756,77.6068,2026-09-02 00:15:00,303,46.1,2000,20.0,Clear,25.2,0.0,2,0,,csv_upload,False,False,1.003373598868212,LOW,15,9,0,0,293.0,45.9,LOW,44.800000000000004,318.6666666666667
RD002,Hosur Road,12.92,77.63,2026-09-02 00:30:00,399,53.2,2500,21.2,Clear,25.4,0.0,2,0,,csv_upload,False,False,0.9526367624675441,LOW,30,9,0,0,364.0,56.2,LOW,55.166666666666664,375.0
RD003,Outer Ring Road,12.935,77.695,2026-09-02 00:30:00,454,65.3,3000,20.0,Clear,25.4,0.0,2,0,,csv_upload,False,False,0.9977843991137595,LOW,30,9,0,0,442.0,64.3,LOW,65.16666666666667,451.6666666666667
RD001,MG Road,12.9756,77.6068,2026-09-02 00:30:00,312,45.9,2000,20.0,Clear,25.4,0.0,2,0,,csv_upload,False,False,0.9990205680705191,LOW,30,9,0,0,303.0,46.1,LOW,45.366666666666674,317.6666666666667
RD003,Outer Ring Road,12.935,77.695,2026-09-02 00:45:00,452,65.2,3000,20.0,Clear,25.6,0.0,2,0,,csv_upload,False,False,0.9962563985025593,LOW,45,9,0,0,454.0,65.3,LOW,65.06666666666666,449.0
RD001,MG Road,12.9756,77.6068,2026-09-02 00:45:00,310,44.3,2000,20.0,Clear,25.6,0.0,2,0,,csv_upload,False,False,0.9641963216889758,LOW,45,9,0,0,312.0,45.9,LOW,45.96666666666667,302.6666666666667
RD002,Hosur Road,12.92,77.63,2026-09-02 00:45:00,374,54.7,2500,20.0,Clear,25.6,0.0,2,0,,csv_upload,False,False,0.9794968215596742,LOW,45,9,0,0,399.0,53.2,LOW,54.43333333333334,379.3333333333333
RD001,MG Road,12.9756,77.6068,2026-09-02 01:00:00,373,42.7,2000,23.4,Clear,25.8,0.0,2,1,,csv_upload,False,False,0.9293720753074328,LOW,0,9,0,0,310.0,44.3,LOW,45.43333333333334,308.3333333333333
RD002,Hosur Road,12.92,77.63,2026-09-02 01:00:00,400,53.7,2500,21.1,Clear,25.8,0.0,2,1,,csv_upload,False,False,0.9615901154982541,LOW,0,9,0,0,374.0,54.7,LOW,54.70000000000001,379.0
RD003,Outer Ring Road,12.935,77.695,2026-09-02 01:00:00,469,64.8,3000,21.3,Clear,25.8,0.0,2,1,,csv_upload,False,False,0.9901443960577583,LOW,0,9,0,0,452.0,65.2,LOW,64.93333333333334,449.3333333333333
RD001,MG Road,12.9756,77.6068,2026-09-02 01:15:00,324,44.6,2000,20.7,Clear,26.0,0.0,2,1,,csv_upload,False,False,0.9707258678855153,LOW,15,9,0,0,373.0,42.7,LOW,44.300000000000004,331.6666666666667
RD002,Hosur Road,12.92,77.63,2026-09-02 01:15:00,378,55.9,2500,20.0,Clear,26.0,0.0,2,1,,csv_upload,False,False,1.000984868833378,LOW,15,9,0,0,400.0,53.7,LOW,53.866666666666674,391.0
RD003,Outer Ring Road,12.935,77.695,2026-09-02 01:15:00,453,65.4,3000,20.0,Clear,26.0,0.0,2,1,,csv_upload,False,False,0.9993123997249599,LOW,15,9,0,0,469.0,64.8,LOW,65.1,458.3333333333333
RD001,MG Road,12.9756,77.6068,2026-09-02 01:30:00,326,45.1,2000,21.2,Clear,26.1,0.0,2,1,,csv_upload,False,False,0.9816084448797475,LOW,30,9,0,0,324.0,44.6,LOW,43.866666666666674,335.6666666666667
RD003,Outer Ring Road,12.935,77.695,2026-09-02 01:30:00,474,63.7,3000,21.0,Clear,26.1,0.0,2,1,,csv_upload,False,False,0.9733363893345557,LOW,30,9,0,0,453.0,65.4,LOW,65.13333333333334,458.0
RD002,Hosur Road,12.92,77.63,2026-09-02 01:30:00,437,54.0,2500,22.4,Clear,26.1,0.0,2,1,,csv_upload,False,False,0.9669621273166801,LOW,30,9,0,0,378.0,55.9,LOW,54.76666666666667,384.0
RD003,Outer Ring Road,12.935,77.695,2026-09-02 01:45:00,464,65.1,3000,20.0,Clear,26.3,0.0,2,1,,csv_upload,False,False,0.9947283978913589,LOW,45,9,0,0,474.0,63.7,LOW,64.63333333333333,465.3333333333333
RD001,MG Road,12.9756,77.6068,2026-09-02 01:45:00,297,45.4,2000,20.6,Clear,26.3,0.0,2,1,,csv_upload,False,False,0.9881379910762869,LOW,45,9,0,0,326.0,45.1,LOW,44.13333333333333,341.0
RD002,Hosur Road,12.92,77.63,2026-09-02 01:45:00,365,55.7,2500,20.0,Clear,26.3,0.0,2,1,,csv_upload,False,False,0.9974035276210942,LOW,45,9,0,0,437.0,54.0,LOW,54.53333333333333,405.0
RD003,Outer Ring Road,12.935,77.695,2026-09-02 02:00:00,500,64.2,3000,22.1,Clear,26.5,0.0,2,2,,csv_upload,False,False,0.9809763923905569,LOW,0,9,0,0,464.0,65.1,LOW,64.73333333333333,463.6666666666667
RD001,MG Road,12.9756,77.6068,2026-09-02 02:00:00,313,46.1,2000,20.2,Clear,26.5,0.0,2,2,,csv_upload,False,False,1.003373598868212,LOW,0,9,0,0,297.0,45.4,LOW,45.03333333333334,315.6666666666667
RD002,Hosur Road,12.92,77.63,2026-09-02 02:00:00,374,56.0,2500,20.0,Clear,26.5,0.0,2,2,,csv_upload,False,False,1.0027755394395201,LOW,0,9,0,0,365.0,55.7,LOW,55.199999999999996,393.3333333333333
RD001,MG Road,12.9756,77.6068,2026-09-02 02:15:00,289,46.4,2000,20.0,Clear,26.7,0.0,2,2,,csv_upload,False,False,1.0099031450647513,LOW,15,9,0,0,313.0,46.1,LOW,45.53333333333334,312.0
RD002,Hosur Road,12.92,77.63,2026-09-02 02:15:00,451,54.2,2500,23.3,Clear,26.7,0.0,2,2,,csv_upload,False,False,0.9705434685289641,LOW,15,9,0,0,374.0,56.0,LOW,55.23333333333333,392.0
RD003,Outer Ring Road,12.935,77.695,2026-09-02 02:15:00,545,64.1,3000,23.4,Clear,26.7,0.0,2,2,,csv_upload,False,False,0.9794483917793565,LOW,15,9,0,0,500.0,64.2,LOW,64.33333333333333,479.3333333333333
RD002,Hosur Road,12.92,77.63,2026-09-02 02:30:00,385,54.7,2500,20.3,Clear,26.8,0.0,2,2,,csv_upload,False,False,0.9794968215596742,LOW,30,9,0,0,451.0,54.2,LOW,55.300000000000004,396.6666666666667
RD003,Outer Ring Road,12.935,77.695,2026-09-02 02:30:00,490,64.4,3000,21.2,Clear,26.8,0.0,2,2,,csv_upload,False,False,0.9840323936129575,LOW,30,9,0,0,545.0,64.1,LOW,64.46666666666667,503.0
RD001,MG Road,12.9756,77.6068,2026-09-02 02:30:00,285,45.9,2000,20.0,Clear,26.8,0.0,2,2,,csv_upload,False,False,0.9990205680705191,LOW,30,9,0,0,289.0,46.4,LOW,45.96666666666667,299.6666666666667
RD002,Hosur Road,12.92,77.63,2026-09-02 02:45:00,376,56.2,2500,20.0,Clear,27.0,0.0,2,2,,csv_upload,False,False,1.0063568806518042,LOW,45,9,0,0,385.0,54.7,LOW,54.96666666666667,403.3333333333333
RD003,Outer Ring Road,12.935,77.695,2026-09-02 02:45:00,511,62.1,3000,22.9,Clear,27.0,0.0,2,2,,csv_upload,False,False,0.9488883795553518,LOW,45,9,0,0,490.0,64.4,LOW,64.23333333333333,511.6666666666667
RD001,MG Road,12.9756,77.6068,2026-09-02 02:45:00,344,42.3,2000,23.1,Clear,27.0,0.0,2,2,,csv_upload,False,False,0.9206660137120469,LOW,45,9,0,0,285.0,45.9,LOW,46.13333333333333,295.6666666666667
RD003,Outer Ring Road,12.935,77.695,2026-09-02 03:00:00,437,65.0,3000,20.0,Clear,27.1,0.0,2,3,,csv_upload,False,False,0.9932003972801589,LOW,0,9,0,0,511.0,62.1,LOW,63.53333333333333,515.3333333333334
RD001,MG Road,12.9756,77.6068,2026-09-02 03:00:00,332,45.1,2000,22.3,Clear,27.1,0.0,2,3,,csv_upload,False,False,0.9816084448797475,LOW,0,9,0,0,344.0,42.3,LOW,44.86666666666667,306.0
RD002,Hosur Road,12.92,77.63,2026-09-02 03:00:00,388,53.9,2500,20.0,Clear,27.1,0.0,2,3,,csv_upload,False,False,0.9651714567105381,LOW,0,9,0,0,376.0,56.2,LOW,55.03333333333334,404.0
RD001,MG Road,12.9756,77.6068,2026-09-02 03:15:00,345,42.6,2000,22.7,Clear,27.3,0.0,2,3,,csv_upload,False,False,0.9271955599085864,LOW,15,9,0,0,332.0,45.1,LOW,44.43333333333334,320.3333333333333
RD002,Hosur Road,12.92,77.63,2026-09-02 03:15:00,414,55.0,2500,21.2,Clear,27.3,0.0,2,3,,csv_upload,False,False,0.9848688333781002,LOW,15,9,0,0,388.0,53.9,LOW,54.93333333333334,383.0
RD003,Outer Ring Road,12.935,77.695,2026-09-02 03:15:00,439,65.7,3000,20.0,Clear,27.3,0.0,2,3,,csv_upload,False,False,1.0038964015585605,LOW,15,9,0,0,437.0,65.0,LOW,63.833333333333336,479.3333333333333
RD001,MG Road,12.9756,77.6068,2026-09-02 03:30:00,299,43.8,2000,20.0,Clear,27.4,0.0,2,3,,csv_upload,False,False,0.9533137446947436,LOW,30,9,0,0,345.0,42.6,LOW,43.333333333333336,340.3333333333333
RD002,Hosur Road,12.92,77.63,2026-09-02 03:30:00,360,56.4,2500,20.0,Clear,27.4,0.0,2,3,,csv_upload,False,False,1.009938221864088,LOW,30,9,0,0,414.0,55.0,LOW,55.03333333333334,392.6666666666667
RD003,Outer Ring Road,12.935,77.695,2026-09-02 03:30:00,463,64.8,3000,20.0,Clear,27.4,0.0,2,3,,csv_upload,False,False,0.9901443960577583,LOW,30,9,0,0,439.0,65.7,LOW,64.26666666666667,462.3333333333333
RD002,Hosur Road,12.92,77.63,2026-09-02 03:45:00,378,56.2,2500,20.3,Clear,27.5,0.0,2,3,,csv_upload,False,False,1.0063568806518042,LOW,45,9,0,0,360.0,56.4,LOW,55.099999999999994,387.3333333333333
RD003,Outer Ring Road,12.935,77.695,2026-09-02 03:45:00,438,64.1,3000,20.0,Clear,27.5,0.0,2,3,,csv_upload,False,False,0.9794483917793565,LOW,45,9,0,0,463.0,64.8,LOW,65.16666666666667,446.3333333333333
RD001,MG Road,12.9756,77.6068,2026-09-02 03:45:00,348,42.6,2000,22.5,Clear,27.5,0.0,2,3,,csv_upload,False,False,0.9271955599085864,LOW,45,9,0,0,299.0,43.8,LOW,43.833333333333336,325.3333333333333
RD003,Outer Ring Road,12.935,77.695,2026-09-02 04:00:00,492,62.8,3000,22.1,Clear,27.6,0.0,2,4,,csv_upload,False,False,0.9595843838337533,LOW,0,9,0,0,438.0,64.1,LOW,64.86666666666666,446.6666666666667
RD001,MG Road,12.9756,77.6068,2026-09-02 04:00:00,348,43.7,2000,22.5,Clear,27.6,0.0,2,4,,csv_upload,False,False,0.9511372292958973,LOW,0,9,0,0,348.0,42.6,LOW,43.0,330.6666666666667
RD002,Hosur Road,12.92,77.63,2026-09-02 04:00:00,383,54.7,2500,21.1,Clear,27.6,0.0,2,4,,csv_upload,False,False,0.9794968215596742,LOW,0,9,0,0,378.0,56.2,LOW,55.86666666666667,384.0
RD003,Outer Ring Road,12.935,77.695,2026-09-02 04:15:00,462,63.9,3000,20.0,Clear,27.7,0.0,2,4,,csv_upload,False,False,0.976392390556956,LOW,15,9,0,0,492.0,62.8,LOW,63.9,464.3333333333333
RD001,MG Road,12.9756,77.6068,2026-09-02 04:15:00,318,43.4,2000,20.6,Clear,27.7,0.0,2,4,,csv_upload,False,False,0.9446076830993579,LOW,15,9,0,0,348.0,43.7,LOW,43.366666666666674,331.6666666666667
RD002,Hosur Road,12.92,77.63,2026-09-02 04:15:00,386,54.1,2500,20.0,Clear,27.7,0.0,2,4,,csv_upload,False,False,0.9687527979228221,LOW,15,9,0,0,383.0,54.7,LOW,55.76666666666667,373.6666666666667
RD003,Outer Ring Road,12.935,77.695,2026-09-02 04:30:00,473,62.6,3000,21.5,Clear,27.8,0.0,2,4,,csv_upload,False,False,0.956528382611353,LOW,30,9,0,0,462.0,63.9,LOW,63.599999999999994,464.0
RD002,Hosur Road,12.92,77.63,2026-09-02 04:30:00,365,54.3,2500,20.0,Clear,27.8,0.0,2,4,,csv_upload,False,False,0.972334139135106,LOW,30,9,0,0,386.0,54.1,LOW,55.0,382.3333333333333
RD001,MG Road,12.9756,77.6068,2026-09-02 04:30:00,289,46.1,2000,20.0,Clear,27.8,0.0,2,4,,csv_upload,False,False,1.003373598868212,LOW,30,9,0,0,318.0,43.4,LOW,43.23333333333334,338.0
RD002,Hosur Road,12.92,77.63,2026-09-02 04:45:00,382,53.7,2500,20.0,Clear,27.8,0.0,2,4,,csv_upload,False,False,0.9615901154982541,LOW,45,9,0,0,365.0,54.3,LOW,54.366666666666674,378.0
RD003,Outer Ring Road,12.935,77.695,2026-09-02 04:45:00,470,65.2,3000,20.8,Clear,27.8,0.0,2,4,,csv_upload,False,False,0.9962563985025593,LOW,45,9,0,0,473.0,62.6,LOW,63.1,475.6666666666667
RD001,MG Road,12.9756,77.6068,2026-09-02 04:45:00,340,42.9,2000,22.7,Clear,27.8,0.0,2,4,,csv_upload,False,False,0.9337251061051256,LOW,45,9,0,0,289.0,46.1,LOW,44.400000000000006,318.3333333333333
RD002,Hosur Road,12.92,77.63,2026-09-02 05:00:00,387,55.6,2500,21.2,Clear,27.9,0.0,2,5,,csv_upload,False,False,0.9956128570149522,LOW,0,9,0,0,382.0,53.7,LOW,54.03333333333333,377.6666666666667
RD003,Outer Ring Road,12.935,77.695,2026-09-02 05:00:00,531,63.9,3000,23.2,Clear,27.9,0.0,2,5,,csv_upload,False,False,0.976392390556956,LOW,0,9,0,0,470.0,65.2,LOW,63.9,468.3333333333333
RD001,MG Road,12.9756,77.6068,2026-09-02 05:00:00,341,43.5,2000,23.1,Clear,27.9,0.0,2,5,,csv_upload,False,False,0.9467841984982044,LOW,0,9,0,0,340.0,42.9,LOW,44.13333333333333,315.6666666666667
RD003,Outer Ring Road,12.935,77.695,2026-09-02 05:15:00,488,64.8,3000,22.0,Clear,27.9,0.0,2,5,,csv_upload,False,False,0.9901443960577583,LOW,15,9,0,0,531.0,63.9,LOW,63.9,491.3333333333333
RD001,MG Road,12.9756,77.6068,2026-09-02 05:15:00,317,45.5,2000,21.8,Clear,27.9,0.0,2,5,,csv_upload,False,False,0.9903145064751333,LOW,15,9,0,0,341.0,43.5,LOW,44.166666666666664,323.3333333333333
RD002,Hosur Road,12.92,77.63,2026-09-02 05:15:00,421,53.6,2500,21.9,Clear,27.9,0.0,2,5,,csv_upload,False,False,0.9597994448921121,LOW,15,9,0,0,387.0,55.6,LOW,54.53333333333333,378.0
RD001,MG Road,12.9756,77.6068,2026-09-02 05:30:00,296,45.1,2000,20.6,Clear,28.0,0.0,2,5,,csv_upload,False,False,0.9816084448797475,LOW,30,9,0,0,317.0,45.5,LOW,43.96666666666667,332.6666666666667
RD002,Hosur Road,12.92,77.63,2026-09-02 05:30:00,417,54.3,2500,21.9,Clear,28.0,0.0,2,5,,csv_upload,False,False,0.972334139135106,LOW,30,9,0,0,421.0,53.6,LOW,54.300000000000004,396.6666666666667
RD003,Outer Ring Road,12.935,77.695,2026-09-02 05:30:00,509,64.9,3000,22.3,Clear,28.0,0.0,2,5,,csv_upload,False,False,0.9916723966689587,LOW,30,9,0,0,488.0,64.8,LOW,64.63333333333334,496.3333333333333
RD001,MG Road,12.9756,77.6068,2026-09-02 05:45:00,378,42.8,2000,25.3,Clear,28.0,0.0,2,5,,csv_upload,False,False,0.9315485907062792,LOW,45,9,0,0,296.0,45.1,LOW,44.70000000000001,318.0
RD002,Hosur Road,12.92,77.63,2026-09-02 05:45:00,530,51.9,2500,27.0,Clear,28.0,0.0,2,5,,csv_upload,False,False,0.9293580445876981,LOW,45,9,0,0,417.0,54.3,LOW,54.5,408.3333333333333
RD003,Outer Ring Road,12.935,77.695,2026-09-02 05:45:00,634,60.4,3000,27.5,Clear,28.0,0.0,2,5,,csv_upload,False,False,0.9229123691649476,LOW,45,9,0,0,509.0,64.9,LOW,64.53333333333333,509.3333333333333
RD001,MG Road,12.9756,77.6068,2026-09-02 06:00:00,438,40.1,2000,28.4,Clear,28.0,0.0,2,6,,csv_upload,False,False,0.8727826749374252,LOW,0,9,0,0,378.0,42.8,LOW,44.46666666666667,330.3333333333333
RD003,Outer Ring Road,12.935,77.695,2026-09-02 06:00:00,657,59.8,3000,28.2,Clear,28.0,0.0,2,6,,csv_upload,False,False,0.9137443654977461,LOW,0,9,0,0,634.0,60.4,LOW,63.366666666666674,543.6666666666666
RD002,Hosur Road,12.92,77.63,2026-09-02 06:00:00,542,49.8,2500,28.4,Clear,28.0,0.0,2,6,,csv_upload,False,False,0.891753961858716,LOW,0,9,0,0,530.0,51.9,LOW,53.26666666666667,456.0
RD003,Outer Ring Road,12.935,77.695,2026-09-02 06:15:00,827,55.8,3000,34.6,Clear,28.0,0.0,2,6,,csv_upload,False,False,0.8526243410497363,LOW,15,9,0,0,657.0,59.8,LOW,61.699999999999996,600.0
RD001,MG Road,12.9756,77.6068,2026-09-02 06:15:00,467,41.2,2000,30.5,Clear,28.0,0.0,2,6,,csv_upload,False,False,0.8967243443247361,LOW,15,9,0,0,438.0,40.1,LOW,42.666666666666664,370.6666666666667
RD002,Hosur Road,12.92,77.63,2026-09-02 06:15:00,690,44.8,2500,35.3,Clear,28.0,0.0,2,6,,csv_upload,False,False,0.802220431551616,LOW,15,9,0,0,542.0,49.8,LOW,52.0,496.3333333333333
RD003,Outer Ring Road,12.935,77.695,2026-09-02 06:30:00,976,52.0,3000,40.2,Clear,28.0,0.0,2,6,,csv_upload,False,False,0.7945603178241271,LOW,30,9,0,0,827.0,55.8,LOW,58.666666666666664,706.0
RD001,MG Road,12.9756,77.6068,2026-09-02 06:30:00,621,36.0,2000,39.1,Clear,28.0,0.0,2,6,,csv_upload,False,False,0.7835455435847208,LOW,30,9,0,0,467.0,41.2,LOW,41.366666666666674,427.6666666666667
RD002,Hosur Road,12.92,77.63,2026-09-02 06:30:00,718,45.2,2500,35.8,Clear,28.0,0.0,2,6,,csv_upload,False,False,0.8093831139761841,LOW,30,9,0,0,690.0,44.8,LOW,48.833333333333336,587.3333333333334
RD001,MG Road,12.9756,77.6068,2026-09-02 06:45:00,784,31.6,2000,48.5,Clear,27.9,0.0,2,6,,csv_upload,False,False,0.6877788660354772,MEDIUM,45,9,0,0,621.0,36.0,LOW,39.1,508.6666666666667
RD002,Hosur Road,12.92,77.63,2026-09-02 06:45:00,931,39.0,2500,45.8,Clear,27.9,0.0,2,6,,csv_upload,False,False,0.6983615363953801,MEDIUM,45,9,0,0,718.0,45.2,LOW,46.599999999999994,650.0
RD003,Outer Ring Road,12.935,77.695,2026-09-02 06:45:00,1059,47.6,3000,43.3,Clear,27.9,0.0,2,6,,csv_upload,False,False,0.7273282909313163,MEDIUM,45,9,0,0,976.0,52.0,LOW,55.86666666666667,820.0
RD002,Hosur Road,12.92,77.63,2026-09-02 07:00:00,1143,35.3,2500,55.2,Clear,27.9,0.0,2,7,,csv_upload,False,False,0.6321067239681261,MEDIUM,0,9,0,1,931.0,39.0,MEDIUM,43.0,779.6666666666666
RD003,Outer Ring Road,12.935,77.695,2026-09-02 07:00:00,1361,40.8,3000,55.3,Clear,27.9,0.0,2,7,,csv_upload,False,False,0.6234242493696996,MEDIUM,0,9,0,1,1059.0,47.6,MEDIUM,51.800000000000004,954.0
RD001,MG Road,12.9756,77.6068,2026-09-02 07:00:00,853,30.3,2000,52.1,Clear,27.9,0.0,2,7,,csv_upload,False,False,0.6594841658504734,MEDIUM,0,9,0,1,784.0,31.6,MEDIUM,36.26666666666667,624.0
RD002,Hosur Road,12.92,77.63,2026-09-02 07:15:00,1237,30.5,2500,60.0,Clear,27.8,0.0,2,7,,csv_upload,False,False,0.5461545348733101,MEDIUM,15,9,0,1,1143.0,35.3,MEDIUM,39.833333333333336,930.6666666666666
RD003,Outer Ring Road,12.935,77.695,2026-09-02 07:15:00,1470,36.5,3000,60.2,Clear,27.8,0.0,2,7,,csv_upload,False,False,0.5577202230880892,MEDIUM,15,9,0,1,1361.0,40.8,MEDIUM,46.79999999999999,1132.0
RD001,MG Road,12.9756,77.6068,2026-09-02 07:15:00,965,27.8,2000,58.3,Clear,27.8,0.0,2,7,,csv_upload,False,False,0.6050712808793123,MEDIUM,15,9,0,1,853.0,30.3,MEDIUM,32.63333333333333,752.6666666666666
RD002,Hosur Road,12.92,77.63,2026-09-02 07:30:00,1381,27.3,2500,67.7,Clear,27.8,0.0,2,7,,csv_upload,False,False,0.4888530754767661,HIGH,30,9,0,1,1237.0,30.5,MEDIUM,34.93333333333334,1103.6666666666667
RD001,MG Road,12.9756,77.6068,2026-09-02 07:30:00,1201,19.8,2000,72.7,Clear,27.8,0.0,2,7,,csv_upload,False,False,0.4309500489715965,HIGH,30,9,0,1,965.0,27.8,MEDIUM,29.900000000000006,867.3333333333334
RD003,Outer Ring Road,12.935,77.695,2026-09-02 07:30:00,1781,28.0,3000,71.9,Clear,27.8,0.0,2,7,,csv_upload,False,False,0.4278401711360684,HIGH,30,9,0,1,1470.0,36.5,MEDIUM,41.63333333333333,1296.6666666666667
RD001,MG Road,12.9756,77.6068,2026-09-02 07:45:00,1282,17.2,2000,76.9,Clear,27.7,0.0,2,7,,csv_upload,False,False,0.37436064860158885,HIGH,45,9,0,1,1201.0,19.8,HIGH,25.96666666666667,1006.3333333333334
RD002,Hosur Road,12.92,77.63,2026-09-02 07:45:00,1647,19.9,2500,80.0,Clear,27.7,0.0,2,7,,csv_upload,False,False,0.35634345062225803,HIGH,45,9,0,1,1381.0,27.3,HIGH,31.033333333333335,1253.6666666666667
RD003,Outer Ring Road,12.935,77.695,2026-09-02 07:45:00,1865,25.7,3000,74.9,Clear,27.7,0.0,2,7,,csv_upload,False,False,0.3926961570784628,HIGH,45,9,0,1,1781.0,28.0,HIGH,35.1,1537.3333333333333
RD001,MG Road,12.9756,77.6068,2026-09-02 08:00:00,1429,12.7,2000,85.6,Clear,27.6,0.0,2,8,,csv_upload,False,False,0.27641745565349873,HIGH,0,9,0,1,1282.0,17.2,HIGH,21.600000000000005,1149.3333333333333
RD002,Hosur Road,12.92,77.63,2026-09-02 08:00:00,1746,16.9,2500,84.3,Clear,27.6,0.0,2,8,,csv_upload,False,False,0.302623332437998,HIGH,0,9,0,1,1647.0,19.9,HIGH,25.900000000000002,1421.6666666666667
RD003,Outer Ring Road,12.935,77.695,2026-09-02 08:00:00,2149,17.7,3000,86.2,Clear,27.6,0.0,2,8,,csv_upload,False,False,0.27045610818244326,HIGH,0,9,0,1,1865.0,25.7,HIGH,30.066666666666666,1705.3333333333333
RD002,Hosur Road,12.92,77.63,2026-09-02 08:15:00,1866,12.5,2500,89.7,Clear,27.5,0.0,2,8,,csv_upload,False,False,0.22383382576775002,SEVERE,15,9,0,1,1746.0,16.9,HIGH,21.366666666666664,1591.3333333333333
RD003,Outer Ring Road,12.935,77.695,2026-09-02 08:15:00,2224,15.3,3000,89.3,Clear,27.5,0.0,2,8,,csv_upload,False,False,0.23378409351363738,SEVERE,15,9,0,1,2149.0,17.7,HIGH,23.8,1931.6666666666667
RD001,MG Road,12.9756,77.6068,2026-09-02 08:15:00,1448,13.2,2000,87.0,Clear,27.5,0.0,2,8,,csv_upload,False,False,0.28730003264773096,HIGH,15,9,0,1,1429.0,12.7,HIGH,16.566666666666666,1304.0
RD003,Outer Ring Road,12.935,77.695,2026-09-02 08:30:00,2197,17.5,3000,87.7,Clear,27.4,0.0,2,8,,csv_upload,False,False,0.26740010696004274,HIGH,30,9,0,1,2224.0,15.3,SEVERE,19.566666666666666,2079.3333333333335
RD001,MG Road,12.9756,77.6068,2026-09-02 08:30:00,1458,11.1,2000,88.0,Clear,27.4,0.0,2,8,,csv_upload,False,False,0.2415932092719556,SEVERE,30,9,0,1,1448.0,13.2,HIGH,14.366666666666669,1386.3333333333333
RD002,Hosur Road,12.92,77.63,2026-09-02 08:30:00,1856,13.0,2500,88.8,Clear,27.4,0.0,2,8,,csv_upload,False,False,0.23278717879846003,SEVERE,30,9,0,1,1866.0,12.5,SEVERE,16.433333333333334,1753.0
RD003,Outer Ring Road,12.935,77.695,2026-09-02 08:45:00,2137,20.9,3000,85.2,Clear,27.3,0.0,2,8,,csv_upload,False,False,0.31935212774085103,HIGH,45,9,0,1,2197.0,17.5,HIGH,16.833333333333332,2190.0
RD001,MG Road,12.9756,77.6068,2026-09-02 08:45:00,1484,12.9,2000,88.6,Clear,27.3,0.0,2,8,,csv_upload,False,False,0.2807704864511916,HIGH,45,9,0,1,1458.0,11.1,SEVERE,12.333333333333336,1445.0
RD002,Hosur Road,12.92,77.63,2026-09-02 08:45:00,1766,17.5,2500,85.6,Clear,27.3,0.0,2,8,,csv_upload,False,False,0.31336735607485006,HIGH,45,9,0,1,1856.0,13.0,SEVERE,14.133333333333333,1822.6666666666667
RD001,MG Road,12.9756,77.6068,2026-09-02 09:00:00,1419,13.9,2000,84.9,Clear,27.1,0.0,2,9,,csv_upload,False,False,0.30253564043965614,HIGH,0,9,0,1,1484.0,12.9,HIGH,12.4,1463.3333333333333
RD002,Hosur Road,12.92,77.63,2026-09-02 09:00:00,1728,16.2,2500,83.8,Clear,27.1,0.0,2,9,,csv_upload,False,False,0.290088638195004,HIGH,0,9,0,1,1766.0,17.5,HIGH,14.333333333333334,1829.3333333333333
RD003,Outer Ring Road,12.935,77.695,2026-09-02 09:00:00,2078,21.9,3000,83.2,Clear,27.1,0.0,2,9,,csv_upload,False,False,0.3346321338528535,HIGH,0,9,0,1,2137.0,20.9,HIGH,17.900000000000002,2186.0
RD002,Hosur Road,12.92,77.63,2026-09-02 09:15:00,1672,18.6,2500,80.4,Clear,27.0,0.0,2,9,,csv_upload,False,False,0.33306473274241205,HIGH,15,9,0,1,1728.0,16.2,HIGH,15.566666666666668,1783.3333333333333
RD003,Outer Ring Road,12.935,77.695,2026-09-02 09:15:00,1940,24.2,3000,78.2,Clear,27.0,0.0,2,9,,csv_upload,False,False,0.3697761479104591,HIGH,15,9,0,1,2078.0,21.9,HIGH,20.099999999999998,2137.3333333333335
RD001,MG Road,12.9756,77.6068,2026-09-02 09:15:00,1322,17.2,2000,80.4,Clear,27.0,0.0,2,9,,csv_upload,False,False,0.37436064860158885,HIGH,15,9,0,1,1419.0,13.9,HIGH,12.633333333333335,1453.6666666666667
RD002,Hosur Road,12.92,77.63,2026-09-02 09:30:00,1451,24.2,2500,70.2,Clear,26.8,0.0,2,9,,csv_upload,False,False,0.43334228668636404,HIGH,30,9,0,1,1672.0,18.6,HIGH,17.433333333333334,1722.0
RD003,Outer Ring Road,12.935,77.695,2026-09-02 09:30:00,1819,27.6,3000,73.0,Clear,26.8,0.0,2,9,,csv_upload,False,False,0.42172816869126745,HIGH,30,9,0,1,1940.0,24.2,HIGH,22.333333333333332,2051.6666666666665
